car_ID,symboling,CarName,fueltype,aspiration,doornumber,carbody,drivewheel,enginelocation,wheelbase,carlength,carwidth,carheight,curbweight,enginetype,cylindernumber,enginesize,fuelsystem,boreratio,stroke,compressionratio,horsepower,peakrpm,citympg,highwaympg,price,brand,model,power_to_weight_ratio,wheelbase_squared,carlength_squared,carwidth_squared,carheight_squared,curbweight_squared,enginesize_squared,boreratio_squared,stroke_squared,compressionratio_squared,horsepower_squared,peakrpm_squared,citympg_squared,highwaympg_squared,log_enginesize
1,3,alfa-romero giulia,1,0,1,0,2,0,-1.6907718018201774,-0.42652146835701304,-0.8447823517277104,-2.0204173044647122,-0.014566282137926123,0,2,0.0744489251157203,5,0.5190713849456007,-1.839377336831407,-0.2883489098618655,0.17448277916253407,-0.2629602160773477,-0.6465530277621856,-0.5460587369032711,13495.0,1,79,0.04356357927786499,7849.959999999999,28493.440000000002,4108.8099999999995,2381.4399999999996,6492304,16900,12.0409,7.182400000000001,81.0,12321,25000000,441,729,4.875197323201151
2,3,alfa-romero stelvio,1,0,1,0,2,0,-1.6907718018201774,-0.42652146835701304,-0.8447823517277104,-2.0204173044647122,-0.014566282137926123,0,2,0.0744489251157203,5,0.5190713849456007,-1.839377336831407,-0.2883489098618655,0.17448277916253407,-0.2629602160773477,-0.6465530277621856,-0.5460587369032711,16500.0,1,123,0.04356357927786499,7849.959999999999,28493.440000000002,4108.8099999999995,2381.4399999999996,6492304,16900,12.0409,7.182400000000001,81.0,12321,25000000,441,729,4.875197323201151
3,1,alfa-romero Quadrifoglio,1,0,1,2,2,0,-0.7085958764076113,-0.23151304680543727,-0.19056612143668694,-0.5435274761218468,0.5148819161377617,5,3,0.6040461684467903,5,-2.404880294774036,0.6859461601154123,-0.2883489098618655,1.2645364278639772,-0.2629602160773477,-0.9530116883199847,-0.6916270607851575,16500.0,1,29,0.05455189514700673,8930.25,29309.439999999995,4290.25,2745.7599999999998,7969329,23104,7.182400000000001,12.0409,81.0,23716,25000000,361,676,5.030437921392435
4,2,audi 100 ls,1,0,0,3,1,0,0.17369775150537034,0.2072559016856128,0.1365419937088248,0.23594215550355344,-0.4207974451785447,3,2,-0.43107571624575564,5,-0.5172659192588284,0.4621833186137945,-0.035972825318776304,-0.05366798451916333,0.7878554622044521,-0.18686503692548712,-0.10935376525761202,13950.0,2,1,0.043645699614890884,9960.039999999999,31187.559999999998,4382.4400000000005,2948.49,5461569,11881,10.1761,11.559999999999999,100.0,10404,30250000,576,900,4.700480365792417
5,2,audi 100ls,1,0,0,3,0,0,0.1071095531723165,0.2072559016856128,0.23000145517897197,0.23594215550355344,0.5168071823133096,3,1,0.21888453693328483,5,-0.5172659192588284,0.4621833186137945,-0.5407249944049548,0.2758831185766218,0.7878554622044521,-1.1062410185988842,-1.273900356312703,17450.0,2,2,0.04072237960339943,9880.36,31187.559999999998,4408.960000000001,2948.49,7974976,18496,10.1761,11.559999999999999,64.0,13225,30250000,324,484,4.919980925828125
6,2,audi fox,1,0,1,3,1,0,0.17369775150537034,0.26413335797149096,0.18327172444389506,-0.2563544539440664,-0.0935021953353923,3,1,0.21888453693328483,5,-0.5172659192588284,0.4621833186137945,-0.41453695213341013,0.14913269430901213,0.7878554622044521,-0.9530116883199847,-0.8371953846670438,15250.0,2,74,0.043877143996808934,9960.039999999999,31435.290000000005,4395.69,2819.61,6285049,18496,10.1761,11.559999999999999,72.25,12100,30250000,361,625,4.919980925828125
7,1,audi 100ls,1,0,0,3,1,0,1.1725207265011992,1.5154373962607788,2.566487991932618,0.8102881998591143,0.5553125058242687,3,1,0.21888453693328483,5,-0.5172659192588284,0.4621833186137945,-0.41453695213341013,0.14913269430901213,0.7878554622044521,-0.9530116883199847,-0.8371953846670438,17710.0,2,2,0.03867791842475387,11193.64,37133.28999999999,5097.960000000001,3102.4900000000002,8088336,18496,10.1761,11.559999999999999,72.25,12100,30250000,361,625,4.919980925828125
8,1,audi 5000,1,0,0,4,1,0,1.1725207265011992,1.5154373962607788,2.566487991932618,0.8102881998591143,0.7670917851345438,3,1,0.21888453693328483,5,-0.5172659192588284,0.4621833186137945,-0.41453695213341013,0.14913269430901213,0.7878554622044521,-0.9530116883199847,-0.8371953846670438,18920.0,2,16,0.037237643872714964,11193.64,37133.28999999999,5097.960000000001,3102.4900000000002,8726116,18496,10.1761,11.559999999999999,72.25,12100,30250000,361,625,4.919980925828125
9,1,audi 4000,1,1,0,3,1,0,1.1725207265011992,1.5154373962607788,2.566487991932618,0.8923376347670494,1.021226920306874,3,1,0.09852152708531438,5,-0.7393381987312061,0.4621833186137945,-0.4650121690420278,0.9096352399146702,0.7878554622044521,-1.2594703488777836,-1.5650370040764756,23875.0,2,13,0.04536616979909268,11193.64,37133.28999999999,5097.960000000001,3124.81,9523396,17161,9.796899999999999,11.559999999999999,68.89000000000001,19600,30250000,289,400,4.882801922586371
10,0,audi 5000s (diesel),1,1,1,2,0,0,0.12375660275557937,0.3372615160533307,0.9309474162050657,-0.7076263459377201,0.9576931365137914,3,1,0.09852152708531438,5,-0.7393381987312061,0.4621833186137945,-0.7931010789480439,1.4166369369851088,0.7878554622044521,-1.4126996791566833,-1.273900356312703,17859.167,2,17,0.05240746806419915,9900.25,31755.239999999994,4610.410000000001,2704.0,9320809,17161,9.796899999999999,11.559999999999999,49.0,25600,30250000,256,484,4.882801922586371
11,2,bmw 320i,1,0,1,3,2,0,0.40675644567106467,0.22350660348157897,-0.5176742365821987,0.23594215550355344,-0.3091320069967633,3,2,-0.45514831821534973,5,0.6301075246817887,-1.4557838942572077,-0.3388241267704832,-0.07901806937268527,1.4183448691735319,-0.3400943672043866,-0.2549220891394984,16430.0,3,12,0.042171189979123176,10241.44,31258.240000000005,4199.04,2948.49,5736025,11664,12.25,7.839999999999999,77.44000000000001,10201,33640000,529,841,4.6913478822291435
12,0,bmw 320i,1,0,0,3,2,0,0.40675644567106467,0.22350660348157897,-0.5176742365821987,0.23594215550355344,-0.3091320069967633,3,2,-0.45514831821534973,5,0.6301075246817887,-1.4557838942572077,-0.3388241267704832,-0.07901806937268527,1.4183448691735319,-0.3400943672043866,-0.2549220891394984,16925.0,3,12,0.042171189979123176,10241.44,31258.240000000005,4199.04,2948.49,5736025,11664,12.25,7.839999999999999,77.44000000000001,10201,33640000,529,841,4.6913478822291435
13,0,bmw x1,1,0,1,3,2,0,0.40675644567106467,0.22350660348157897,-0.5176742365821987,0.23594215550355344,0.29732683830084267,3,3,0.8929173920819194,5,-0.07312136031407311,-0.20910520589105608,-0.2883489098618655,0.42798362769775344,-1.8391837335000474,-0.6465530277621856,-0.4004904130213847,20970.0,3,134,0.044649446494464944,10241.44,31258.240000000005,4199.04,2948.49,7344100,26896,10.956100000000001,10.1761,81.0,14641,18062500,441,784,5.10594547390058
14,0,bmw x3,1,0,0,3,2,0,0.40675644567106467,0.22350660348157897,-0.5176742365821987,0.23594215550355344,0.4032164779559802,3,3,0.8929173920819194,5,-0.07312136031407311,-0.20910520589105608,-0.2883489098618655,0.42798362769775344,-1.8391837335000474,-0.6465530277621856,-0.4004904130213847,21105.0,3,135,0.04376130198915009,10241.44,31258.240000000005,4199.04,2948.49,7645225,26896,10.956100000000001,10.1761,81.0,14641,18062500,441,784,5.10594547390058
15,1,bmw z4,1,0,0,3,2,0,0.7896385860861319,1.214799413035431,0.46365010885433655,0.8102881998591143,0.9615436688648873,3,3,0.8929173920819194,5,-0.07312136031407311,-0.20910520589105608,-0.2883489098618655,0.42798362769775344,-1.8391837335000474,-0.7997823580410852,-0.8371953846670438,24565.0,3,141,0.03960720130932897,10712.25,35721.0,4475.610000000001,3102.4900000000002,9333025,26896,10.956100000000001,10.1761,81.0,14641,18062500,400,625,5.10594547390058
16,0,bmw x4,1,0,0,3,2,0,0.7896385860861319,1.214799413035431,0.46365010885433655,0.8102881998591143,1.2984652495857796,3,3,1.9761844807136535,5,1.074252083626544,0.43021719839927847,-0.5407249944049548,1.9743388037625915,0.5776923265480921,-1.4126996791566833,-1.273900356312703,30760.0,3,136,0.056346749226006194,10712.25,35721.0,4475.610000000001,3102.4900000000002,10432900,43681,13.1044,11.4921,64.0,33124,29160000,256,484,5.3471075307174685
17,0,bmw x5,1,0,1,3,2,0,0.7896385860861319,1.604816256138587,0.9309474162050657,-0.010206149220255032,1.587255175917973,3,3,1.9761844807136535,5,1.074252083626544,0.43021719839927847,-0.5407249944049548,1.9743388037625915,0.5776923265480921,-1.4126996791566833,-1.273900356312703,41315.0,3,137,0.05384615384615385,10712.25,37558.44,4610.410000000001,2883.6900000000005,11424400,43681,13.1044,11.4921,64.0,33124,29160000,256,484,5.3471075307174685
18,0,bmw x3,1,0,0,3,2,0,1.87169680899828,1.864827484874023,2.332839338257253,1.0564365045829227,1.8279134478614674,3,3,1.9761844807136535,5,1.074252083626544,0.43021719839927847,-0.5407249944049548,1.9743388037625915,0.5776923265480921,-1.5659290094355827,-1.5650370040764756,36880.0,3,135,0.051925820256776035,12100.0,38809.0,5026.81,3169.6899999999996,12285025,43681,13.1044,11.4921,64.0,33124,29160000,225,400,5.3471075307174685
19,2,chevrolet impala,1,0,1,2,1,0,-1.724065900986703,-2.677243667098139,-2.62051211966048,-0.21532973649009735,-2.055348428218759,2,4,-1.586560610786272,1,-1.5536032234632557,-0.7205631293233238,-0.16216086759032092,-1.4225725666093478,-0.052797080420987755,3.3374095594892017,3.238717684025774,5151.0,5,86,0.03225806451612903,7814.560000000001,19909.21,3636.0899999999997,2830.2400000000002,2214144,3721,8.468100000000002,9.1809,90.25,2304,26010000,2209,2809,4.127134385045092
20,1,chevrolet monte carlo,1,0,1,2,1,0,-0.7085958764076113,-1.4746917341967432,-1.0784310054030717,-0.7076263459377201,-1.3121956844572482,3,2,-0.8884551536680434,1,-1.1094586645185023,-0.46483416760718993,-0.13692325913601208,-0.8648706998318653,0.5776923265480921,1.958345586979106,1.7830344452069105,6295.0,5,98,0.03735325506937033,8930.25,24304.81,4044.96,2704.0,3511876,8100,9.1809,9.672099999999999,92.16,4900,29160000,1444,1849,4.51085950651685
21,0,chevrolet vega 2300,1,0,0,3,1,0,-0.7085958764076113,-1.239056558155253,-1.0784310054030717,-0.7076263459377201,-1.2448113683130697,3,2,-0.8884551536680434,1,-1.1094586645185023,-0.46483416760718993,-0.13692325913601208,-0.8648706998318653,0.5776923265480921,1.958345586979106,1.7830344452069105,6575.0,5,132,0.03666841278156103,8930.25,25217.440000000002,4044.96,2704.0,3644281,8100,9.1809,9.672099999999999,92.16,4900,29160000,1444,1849,4.51085950651685
22,1,dodge rampage,1,0,1,2,1,0,-0.8417722730737214,-1.360936821624989,-0.9849715439329279,-1.1999229553853428,-1.3083451521061522,3,2,-0.8884551536680434,1,-1.3315309439908782,-0.08124072503298917,-0.1848747151991989,-0.9155708695389091,0.7878554622044521,1.8051162567002066,1.4918977974431378,5572.0,6,112,0.03624733475479744,8779.69,24743.290000000005,4070.4399999999996,2580.64,3519376,8100,8.820900000000002,10.4329,88.5481,4624,30250000,1369,1681,4.51085950651685
23,1,dodge challenger se,1,0,1,2,1,0,-0.8417722730737214,-1.360936821624989,-0.9849715439329279,-1.1999229553853428,-1.3083451521061522,3,2,-0.8884551536680434,1,-1.3315309439908782,-0.08124072503298917,-0.18739847604462975,-0.9155708695389091,0.7878554622044521,0.8857402750268095,1.0551928257974788,6377.0,6,43,0.03624733475479744,8779.69,24743.290000000005,4070.4399999999996,2580.64,3519376,8100,8.820900000000002,10.4329,88.36000000000001,4624,30250000,961,1444,4.51085950651685
24,1,dodge d200,1,1,1,2,1,0,-0.8417722730737214,-1.360936821624989,-0.9849715439329279,-1.1999229553853428,-0.8231780758680675,3,2,-0.6958743379112906,5,-1.1094586645185023,0.43021719839927847,-0.6416754282221906,-0.05366798451916333,0.7878554622044521,-0.18686503692548712,-0.10935376525761202,7957.0,6,66,0.047932330827067667,8779.69,24743.290000000005,4070.4399999999996,2580.64,4528384,9604,9.1809,11.4921,57.76,10404,30250000,576,900,4.59511985013459
25,1,dodge monaco (sw),1,0,0,2,1,0,-0.8417722730737214,-1.360936821624989,-0.9849715439329279,-1.281972390293278,-1.1331459301312883,3,2,-0.8884551536680434,1,-1.3315309439908782,-0.08124072503298917,-0.18739847604462975,-0.9155708695389091,0.7878554622044521,0.8857402750268095,1.0551928257974788,6229.0,6,97,0.03457041179461108,8779.69,24743.290000000005,4070.4399999999996,2560.36,3869089,8100,8.820900000000002,10.4329,88.36000000000001,4624,30250000,961,1444,4.51085950651685
26,1,dodge colt hardtop,1,0,0,3,1,0,-0.8417722730737214,-1.360936821624989,-0.9849715439329279,-1.281972390293278,-1.0907900742692331,3,2,-0.8884551536680434,1,-1.3315309439908782,-0.08124072503298917,-0.18739847604462975,-0.9155708695389091,0.7878554622044521,0.8857402750268095,1.0551928257974788,6692.0,6,51,0.03418803418803419,8779.69,24743.290000000005,4070.4399999999996,2560.36,3956121,8100,8.820900000000002,10.4329,88.36000000000001,4624,30250000,961,1444,4.51085950651685
27,1,dodge colt (sw),1,0,0,3,1,0,-0.8417722730737214,-1.360936821624989,-0.9849715439329279,-1.281972390293278,-1.0907900742692331,3,2,-0.8884551536680434,1,-1.3315309439908782,-0.08124072503298917,-0.18739847604462975,-0.9155708695389091,0.7878554622044521,0.8857402750268095,1.0551928257974788,7609.0,6,50,0.03418803418803419,8779.69,24743.290000000005,4070.4399999999996,2560.36,3956121,8100,8.820900000000002,10.4329,88.36000000000001,4624,30250000,961,1444,4.51085950651685
28,1,dodge coronet custom,1,1,1,3,1,0,-0.8417722730737214,-1.360936821624989,-0.9849715439329279,-1.281972390293278,-0.7018863068085462,3,2,-0.6958743379112906,5,-1.1094586645185023,0.43021719839927847,-0.6416754282221906,-0.05366798451916333,0.7878554622044521,-0.18686503692548712,-0.10935376525761202,8558.0,6,61,0.04655408489274304,8779.69,24743.290000000005,4070.4399999999996,2560.36,4800481,9604,9.1809,11.4921,57.76,10404,30250000,576,900,4.59511985013459
29,-1,dodge dart custom,1,0,0,4,1,0,0.7563444869196039,0.04474888372596479,-0.6111336980523459,2.492301615471819,-0.039594742420049546,3,2,-0.11813189064103245,1,0.0379147794221149,0.6539800399008949,-0.41453695213341013,-0.4085691724684704,-0.2629602160773477,-0.18686503692548712,-0.10935376525761202,8921.0,6,67,0.03471400394477318,10670.89,30485.159999999996,4173.159999999999,3576.0399999999995,6426225,14884,11.1556,11.9716,72.25,7744,25000000,576,900,4.812184355372417
30,3,dodge coronet custom (sw),1,1,1,2,1,0,-0.475537182241917,-0.06900602884578928,0.18327172444389506,-1.4460712601091512,0.49177872203118617,3,2,0.7003365763251667,4,1.0002279904690847,2.0604893293396294,-0.7931010789480439,1.03638566418228,-0.2629602160773477,-0.9530116883199847,-0.9827637085489301,12964.0,6,62,0.05158306652436855,9196.810000000001,29998.239999999994,4395.69,2520.0400000000004,7901721,24336,12.96,15.209999999999999,49.0,21025,25000000,361,576,5.056245805348308
31,2,honda civic,1,0,1,2,1,0,-2.0237127934854535,-2.3928563856687552,-0.9382418131978543,-1.1999229553853428,-1.622163538720469,3,2,-0.8403099497288552,0,-1.5536032234632557,0.4941494388283119,-0.13692325913601208,-1.1690717180741284,-0.6832864873900676,3.643868220047001,3.3842860079076607,6479.0,7,44,0.033858727378867484,7499.559999999999,20909.16,4083.21,2580.64,2934369,8464,8.468100000000002,11.628100000000002,92.16,3364,23040000,2401,2916,4.532599493153256
32,2,honda civic cvcc,1,0,1,2,1,0,-2.0237127934854535,-2.3928563856687552,-0.9382418131978543,-1.1999229553853428,-1.4180853241123856,3,2,-0.8403099497288552,0,-1.5536032234632557,0.4941494388283119,-0.23787369295324787,-0.7127701907107337,1.838671140486252,0.8857402750268095,1.0551928257974788,6855.0,7,48,0.04178119846069269,7499.559999999999,20909.16,4083.21,2580.64,3308761,8464,8.468100000000002,11.628100000000002,84.63999999999999,5776,36000000,961,1444,4.532599493153256
33,1,honda civic,1,0,1,2,1,0,-0.8417722730737214,-1.9540874371777053,-0.8915120824627807,-0.46147804121390873,-1.3834305329525225,3,2,-1.1532537753335783,0,-1.5536032234632557,-0.5926986484652568,-0.010735216864467472,-1.1183715483670846,0.7878554622044521,1.958345586979106,1.6374661213250241,5399.0,7,44,0.0326619488296135,8779.69,22500.0,4096.0,2766.76,3374569,6241,8.468100000000002,9.4249,102.00999999999999,3600,30250000,1444,1764,4.382026634673881
34,1,honda accord cvcc,1,0,1,2,1,0,-0.8417722730737214,-1.9540874371777053,-0.8915120824627807,-0.46147804121390873,-1.185128116871083,3,2,-0.8403099497288552,0,-1.5536032234632557,0.4941494388283119,-0.23787369295324787,-0.7127701907107337,1.838671140486252,0.73251094474791,0.4729195302699334,6529.0,7,31,0.03917525773195876,8779.69,22500.0,4096.0,2766.76,3763600,8464,8.468100000000002,11.628100000000002,84.63999999999999,5776,36000000,900,1156,4.532599493153256
35,1,honda civic cvcc,1,0,1,2,1,0,-0.8417722730737214,-1.9540874371777053,-0.8915120824627807,-0.46147804121390873,-1.1543238580623159,3,2,-0.8403099497288552,0,-1.5536032234632557,0.4941494388283119,-0.23787369295324787,-0.7127701907107337,1.838671140486252,0.73251094474791,0.4729195302699334,7129.0,7,48,0.03885480572597137,8779.69,22500.0,4096.0,2766.76,3825936,8464,8.468100000000002,11.628100000000002,84.63999999999999,5776,36000000,900,1156,4.532599493153256
36,0,honda accord lx,1,0,0,3,1,0,-0.37565488474233505,-0.8652904168480631,-0.8915120824627807,0.3179915904114915,-1.0503594845827262,3,2,-0.8403099497288552,0,-1.5536032234632557,0.4941494388283119,-0.23787369295324787,-0.7127701907107337,1.838671140486252,0.73251094474791,0.4729195302699334,7295.0,7,32,0.03781094527363184,9312.25,26699.56,4096.0,2970.25,4040100,8464,8.468100000000002,11.628100000000002,84.63999999999999,5776,36000000,900,1156,4.532599493153256
37,0,honda civic 1500 gl,1,0,0,4,1,0,-0.37565488474233505,-1.3771875234209552,-0.9382418131978543,1.876930853662292,-1.0234057581250549,3,2,-0.8403099497288552,0,-1.516591176884527,0.4941494388283119,-0.23787369295324787,-0.7127701907107337,1.838671140486252,0.73251094474791,0.4729195302699334,7295.0,7,47,0.037549407114624504,9312.25,24680.41,4083.21,3398.89,4096576,8464,8.526399999999999,11.628100000000002,84.63999999999999,5776,36000000,900,1156,4.532599493153256
38,0,honda accord,1,0,1,2,1,0,-0.37565488474233505,-0.5321510300307851,-0.33075531364190436,-0.17430501903613121,-0.6152493289088883,3,2,-0.40700311427616154,0,-0.6653141055737468,1.0375734824750955,-0.2883489098618655,-0.4592693421755143,1.4183448691735319,0.2728229539112114,0.32735120638804704,7895.0,7,30,0.038461538461538464,9312.25,28056.25,4251.04,2840.89,4999696,12100,9.9225,12.8164,81.0,7396,33640000,729,1089,4.709530201312334
39,0,honda civic 1300,1,0,1,2,1,0,-0.37565488474233505,-0.5321510300307851,-0.33075531364190436,-0.17430501903613121,-0.5132102216048466,3,2,-0.40700311427616154,0,-0.6653141055737468,1.0375734824750955,-0.2883489098618655,-0.4592693421755143,1.4183448691735319,0.2728229539112114,0.32735120638804704,9095.0,7,46,0.037570991699432066,9312.25,28056.25,4251.04,2840.89,5239521,12100,9.9225,12.8164,81.0,7396,33640000,729,1089,4.709530201312334
40,0,honda prelude,1,0,0,3,1,0,-0.37565488474233505,0.10975169090982491,-0.33075531364190436,0.15389272059561823,-0.4843312289716273,3,2,-0.40700311427616154,0,-0.6653141055737468,1.0375734824750955,-0.2883489098618655,-0.4592693421755143,1.4183448691735319,0.2728229539112114,0.32735120638804704,8845.0,7,107,0.03732638888888889,9312.25,30765.160000000003,4251.04,2926.81,5308416,12100,9.9225,12.8164,81.0,7396,33640000,729,1089,4.709530201312334
41,0,honda accord,1,0,0,3,1,0,-0.37565488474233505,0.10975169090982491,-1.5924580434888744,0.15389272059561823,-0.3534131290343663,3,2,-0.40700311427616154,0,-0.6653141055737468,1.0375734824750955,-0.2883489098618655,-0.4592693421755143,1.4183448691735319,0.2728229539112114,0.32735120638804704,10295.0,7,30,0.03625632377740304,9312.25,30765.160000000003,3906.25,2926.81,5626384,12100,9.9225,12.8164,81.0,7396,33640000,729,1089,4.709530201312334
42,0,honda civic,1,0,0,3,1,0,-0.37565488474233505,0.10975169090982491,-0.33075531364190436,0.15389272059561823,-0.17436337470840643,3,2,-0.40700311427616154,5,-0.6653141055737468,1.0375734824750955,-0.2883489098618655,-0.07901806937268527,1.4183448691735319,-0.18686503692548712,-0.4004904130213847,12945.0,7,44,0.040973630831643,9312.25,30765.160000000003,4251.04,2926.81,6076225,12100,9.9225,12.8164,81.0,10201,33640000,576,784,4.709530201312334
43,1,honda civic (auto),1,0,1,3,1,0,-0.37565488474233505,-0.4021454156630672,0.04308253223867764,-1.1178735204774048,-0.5055091569026547,3,2,-0.40700311427616154,1,-0.6653141055737468,1.0375734824750955,-0.2631113014075567,-0.1043681542262072,0.7878554622044521,-0.03363570664658759,0.03621455862427433,10345.0,7,45,0.043610989969472304,9312.25,28594.809999999998,4356.0,2601.0,5257849,12100,9.9225,12.8164,82.80999999999999,10000,30250000,625,961,4.709530201312334
44,0,isuzu MU-X,1,0,0,3,2,0,-0.7418899755741394,-0.27213980129534926,-1.9195661586343862,-0.09225558412819312,-0.4207974451785447,3,2,-0.38293051230656744,1,-0.07312136031407311,-0.08124072503298917,-0.41453695213341013,-0.6620700210036897,-0.6832864873900676,-0.18686503692548712,-0.2549220891394984,6785.0,8,28,0.03337612323491656,8892.49,29138.489999999994,3819.24,2862.25,5461569,12321,10.956100000000001,10.4329,72.25,6084,23040000,576,841,4.718498871295094
45,1,isuzu D-Max ,1,0,1,3,1,0,-0.7085958764076113,-1.4746917341967432,-1.0784310054030717,-0.7076263459377201,-1.3121956844572482,3,2,-0.8884551536680434,1,-1.1094586645185023,-0.46483416760718993,-0.13692325913601208,-0.8648706998318653,0.5776923265480921,1.958345586979106,1.7830344452069105,8916.5,8,26,0.03735325506937033,8930.25,24304.81,4044.96,2704.0,3511876,8100,9.1809,9.672099999999999,92.16,4900,29160000,1444,1849,4.51085950651685
46,0,isuzu D-Max V-Cross,1,0,0,3,1,0,-0.7085958764076113,-1.4746917341967432,-1.0784310054030717,-0.7076263459377201,-1.2448113683130697,3,2,-0.8884551536680434,1,-1.1094586645185023,-0.46483416760718993,-0.13692325913601208,-0.8648706998318653,0.5776923265480921,1.958345586979106,1.7830344452069105,8916.5,8,27,0.03666841278156103,8930.25,24304.81,4044.96,2704.0,3644281,8100,9.1809,9.672099999999999,92.16,4900,29160000,1444,1849,4.51085950651685
47,2,isuzu D-Max ,1,0,1,2,2,0,-0.45889013265865414,-0.11775813423368321,-0.33075531364190436,-0.9537746506615314,0.3435332265139936,3,2,-0.19034969654981473,7,0.3710231986306822,-0.08124072503298917,-0.23787369295324787,-0.3578690027614265,-0.2629602160773477,-0.18686503692548712,-0.2549220891394984,11048.0,8,26,0.03291880029261156,9216.0,29790.76,4251.04,2641.96,7474756,14161,11.7649,10.4329,84.63999999999999,8100,25000000,576,841,4.787491742782046
48,0,jaguar xj,1,0,0,3,2,0,2.3711082964961943,2.0760866082215648,1.7253528387013,-0.3794286063059735,2.9079877723438705,0,3,3.155741977223764,5,1.1112641302052728,2.9235745751315805,-0.5154873859506459,1.8222382946414597,-0.7883680552182476,-1.5659290094355827,-1.710605327958362,32250.0,9,139,0.04328578455484506,12769.0,39840.159999999996,4844.159999999999,2787.8399999999997,16532356,66564,13.1769,17.3889,65.61,30976,22562500,225,361,5.556828061699537
49,0,jaguar xf,1,0,0,3,2,0,2.3711082964961943,2.0760866082215648,1.7253528387013,-0.3794286063059735,2.9079877723438705,0,3,3.155741977223764,5,1.1112641302052728,2.9235745751315805,-0.5154873859506459,1.8222382946414597,-0.7883680552182476,-1.5659290094355827,-1.710605327958362,35550.0,9,138,0.04328578455484506,12769.0,39840.159999999996,4844.159999999999,2787.8399999999997,16532356,66564,13.1769,17.3889,65.61,30976,22562500,225,361,5.556828061699537
50,0,jaguar xk,1,0,1,3,2,0,0.5399328423371748,1.4341838872809547,2.192650146052029,-2.4306644790043967,2.6846568959803077,5,5,4.7926789111561625,5,0.7781557109967071,-1.5836483751152748,0.34259130149585754,4.002345592044346,-0.2629602160773477,-1.8723876699933817,-2.0017419757221346,36000.0,9,140,0.06632911392405064,10404.0,36748.88999999999,4984.359999999999,2284.8399999999997,15602500,106276,12.531600000000001,7.617599999999999,132.25,68644,25000000,169,289,5.7899601708972535
51,1,maxda rx3,1,0,1,2,1,0,-0.9416545705733057,-1.2146805054613072,-0.7980526209926335,0.15389272059561823,-1.2813914256484809,3,2,-0.8643825516984494,1,-1.1094586645185023,-0.336969686749123,-0.2883489098618655,-0.9155708695389091,-0.2629602160773477,0.73251094474791,0.03621455862427433,5195.0,10,118,0.03597883597883598,8667.609999999999,25312.809999999998,4121.64,2926.81,3572100,8281,9.1809,9.9225,81.0,4624,25000000,900,961,4.5217885770490405
52,1,maxda glc deluxe,1,0,1,2,1,0,-0.9416545705733057,-1.2146805054613072,-0.7980526209926335,0.15389272059561823,-1.2621387638930013,3,2,-0.8643825516984494,1,-1.1094586645185023,-0.336969686749123,-0.2883489098618655,-0.9155708695389091,-0.2629602160773477,0.8857402750268095,1.0551928257974788,6095.0,10,84,0.035789473684210524,8667.609999999999,25312.809999999998,4121.64,2926.81,3610000,8281,9.1809,9.9225,81.0,4624,25000000,961,1444,4.5217885770490405
53,1,mazda rx2 coupe,1,0,1,2,1,0,-0.9416545705733057,-1.2146805054613072,-0.7980526209926335,0.15389272059561823,-1.2525124330152615,3,2,-0.8643825516984494,1,-1.1094586645185023,-0.336969686749123,-0.2883489098618655,-0.9155708695389091,-0.2629602160773477,0.8857402750268095,1.0551928257974788,6795.0,11,117,0.03569553805774278,8667.609999999999,25312.809999999998,4121.64,2926.81,3629025,8281,9.1809,9.9225,81.0,4624,25000000,961,1444,4.5217885770490405
54,1,mazda rx-4,1,0,0,3,1,0,-0.9416545705733057,-0.589028486316661,-0.7980526209926335,0.15389272059561823,-1.1755017859933432,3,2,-0.8643825516984494,1,-1.1094586645185023,-0.336969686749123,-0.2883489098618655,-0.9155708695389091,-0.2629602160773477,0.8857402750268095,1.0551928257974788,6695.0,11,115,0.03496143958868895,8667.609999999999,27822.240000000005,4121.64,2926.81,3783025,8281,9.1809,9.9225,81.0,4624,25000000,961,1444,4.5217885770490405
55,1,mazda glc deluxe,1,0,0,3,1,0,-0.9416545705733057,-0.589028486316661,-0.7980526209926335,0.15389272059561823,-1.1658754551156034,3,2,-0.8643825516984494,1,-0.9243984316248534,-0.336969686749123,-0.2883489098618655,-0.9155708695389091,-0.2629602160773477,0.8857402750268095,1.0551928257974788,7395.0,11,84,0.03487179487179487,8667.609999999999,27822.240000000005,4121.64,2926.81,3802500,8281,9.4864,9.9225,81.0,4624,25000000,961,1444,4.5217885770490405
56,3,mazda 626,1,0,1,2,2,0,-0.5754194797415013,-0.41027076656104916,-0.09710665996653978,-1.6922195648329628,-0.33801099962998266,6,6,-1.3699071930599251,2,0.0009027328433861145,-0.0013254244966976996,-0.18739847604462975,-0.07901806937268527,1.838671140486252,-1.2594703488777836,-1.1283320324308166,10945.0,11,22,0.04243697478991597,9082.09,28561.0,4316.490000000001,2460.1600000000003,5664400,4900,11.0889,10.595025,88.36000000000001,10201,36000000,289,529,4.2626798770413155
57,3,mazda glc,1,0,1,2,2,0,-0.5754194797415013,-0.41027076656104916,-0.09710665996653978,-1.6922195648329628,-0.33801099962998266,6,6,-1.3699071930599251,2,0.0009027328433861145,-0.0013254244966976996,-0.18739847604462975,-0.07901806937268527,1.838671140486252,-1.2594703488777836,-1.1283320324308166,11845.0,11,80,0.04243697478991597,9082.09,28561.0,4316.490000000001,2460.1600000000003,5664400,4900,11.0889,10.595025,88.36000000000001,10201,36000000,289,529,4.2626798770413155
58,3,mazda rx-7 gs,1,0,1,2,2,0,-0.5754194797415013,-0.41027076656104916,-0.09710665996653978,-1.6922195648329628,-0.32838466875224287,6,6,-1.3699071930599251,2,0.0009027328433861145,-0.0013254244966976996,-0.18739847604462975,-0.07901806937268527,1.838671140486252,-1.2594703488777836,-1.1283320324308166,13645.0,11,116,0.042348008385744235,9082.09,28561.0,4316.490000000001,2460.1600000000003,5688225,4900,11.0889,10.595025,88.36000000000001,10201,36000000,289,529,4.2626798770413155
59,3,mazda glc 4,1,0,1,2,2,0,-0.5754194797415013,-0.41027076656104916,-0.09710665996653978,-1.6922195648329628,-0.10697905856422799,6,6,-1.1291811733639843,5,0.0009027328433861145,-0.0013254244966976996,-0.18739847604462975,0.7828848156470605,1.838671140486252,-1.4126996791566833,-1.1283320324308166,15645.0,11,81,0.054,9082.09,28561.0,4316.490000000001,2460.1600000000003,6250000,6400,11.0889,10.595025,88.36000000000001,18225,36000000,256,529,4.394449154672439
60,1,mazda 626,1,0,1,2,1,0,0.007227255672732204,0.304760112461403,0.2767311859140422,-0.010206149220255032,-0.32838466875224287,3,2,-0.11813189064103245,1,0.22297501231576378,0.43021719839927847,-0.3892993436791013,-0.5099695118825581,-0.6832864873900676,0.11959362363231192,0.18178288250616068,8845.0,11,22,0.03522012578616352,9761.439999999999,31612.840000000004,4422.25,2883.6900000000005,5688225,14884,11.4921,11.4921,73.96,7056,23040000,676,1024,4.812184355372417
61,0,mazda glc custom l,1,0,0,3,1,0,0.007227255672732204,0.304760112461403,0.2767311859140422,0.7282387649511761,-0.280253014363544,3,2,-0.11813189064103245,1,0.22297501231576378,0.43021719839927847,-0.3892993436791013,-0.5099695118825581,-0.6832864873900676,0.11959362363231192,0.18178288250616068,8495.0,11,83,0.034854771784232366,9761.439999999999,31612.840000000004,4422.25,3080.25,5808100,14884,11.4921,11.4921,73.96,7056,23040000,676,1024,4.812184355372417
62,1,mazda glc custom,1,0,1,2,1,0,0.007227255672732204,0.304760112461403,0.2767311859140422,-0.010206149220255032,-0.32838466875224287,3,2,-0.11813189064103245,1,0.22297501231576378,0.43021719839927847,-0.3892993436791013,-0.5099695118825581,-0.6832864873900676,0.11959362363231192,0.18178288250616068,10595.0,11,82,0.03522012578616352,9761.439999999999,31612.840000000004,4422.25,2883.6900000000005,5688225,14884,11.4921,11.4921,73.96,7056,23040000,676,1024,4.812184355372417
63,0,mazda rx-4,1,0,0,3,1,0,0.007227255672732204,0.304760112461403,0.2767311859140422,0.7282387649511761,-0.280253014363544,3,2,-0.11813189064103245,1,0.22297501231576378,0.43021719839927847,-0.3892993436791013,-0.5099695118825581,-0.6832864873900676,0.11959362363231192,0.18178288250616068,10245.0,11,115,0.034854771784232366,9761.439999999999,31612.840000000004,4422.25,3080.25,5808100,14884,11.4921,11.4921,73.96,7056,23040000,676,1024,4.812184355372417
64,0,mazda glc deluxe,0,0,0,3,1,0,0.007227255672732204,0.304760112461403,0.2767311859140422,0.7282387649511761,-0.21671923057046144,3,2,-0.11813189064103245,3,0.22297501231576378,0.43021719839927847,3.1692034483784566,-1.0169712089529968,-0.9985311908746076,1.651886926421307,1.6374661213250241,10795.0,11,84,0.026197298403602128,9761.439999999999,31612.840000000004,4422.25,3080.25,5968249,14884,11.4921,11.4921,515.29,4096,21622500,1296,1764,4.812184355372417
65,0,mazda 626,1,0,0,2,1,0,0.007227255672732204,0.304760112461403,0.2767311859140422,0.7282387649511761,-0.25137402173032464,3,2,-0.11813189064103245,1,0.22297501231576378,0.43021719839927847,-0.3892993436791013,-0.5099695118825581,-0.6832864873900676,0.11959362363231192,0.18178288250616068,11245.0,11,22,0.03463917525773196,9761.439999999999,31612.840000000004,4422.25,3080.25,5880625,14884,11.4921,11.4921,73.96,7056,23040000,676,1024,4.812184355372417
66,0,mazda glc,1,0,0,3,2,0,1.0226972802518264,0.07725028731789485,0.0898122629737479,0.2769668729575225,0.22031619127892443,3,2,0.3151749448116612,5,1.5924207357287568,-0.30500356653460553,-0.5407249944049548,0.4026335428442315,-0.2629602160773477,-0.9530116883199847,-0.5460587369032711,18280.0,11,80,0.0449438202247191,11004.010000000002,30625.0,4369.209999999999,2959.3599999999997,7128900,19600,14.137599999999999,9.985600000000002,64.0,14400,25000000,361,729,4.948759890378168
67,0,mazda rx-7 gs,0,0,0,3,2,0,1.0226972802518264,0.07725028731789485,0.0898122629737479,0.2769668729575225,0.2780741765453631,3,2,0.17073933299409666,3,0.3710231986306822,1.229370203762196,2.9925401891982943,-0.8141705301248213,-1.9442653013282274,0.8857402750268095,1.200761149679365,18344.0,11,116,0.02666666666666667,11004.010000000002,30625.0,4369.209999999999,2959.3599999999997,7290000,17956,11.7649,13.249600000000001,484.0,5184,17640000,961,1521,4.90527477843843
68,-1,buick electra 225 custom,0,1,0,3,2,0,1.87169680899828,1.369181080097097,2.0524609538468117,1.1384859394908609,1.847166109616947,3,1,1.3502968295042073,3,0.9262038973116256,1.229370203762196,2.86635214692675,0.4786837974047973,-1.6290205978436874,-0.49332369748328614,-0.8371953846670438,25552.0,4,73,0.03499288762446657,12100.0,36442.810000000005,4942.089999999999,3192.25,12355225,33489,12.8164,13.249600000000001,462.25,15129,18922500,484,625,5.214935757608986
69,-1,buick century luxus (sw),0,1,0,4,2,0,1.87169680899828,1.369181080097097,2.0524609538468117,2.041029723478168,2.299603660870716,3,1,1.3502968295042073,3,0.9262038973116256,1.229370203762196,2.86635214692675,0.4786837974047973,-1.6290205978436874,-0.49332369748328614,-0.8371953846670438,28248.0,4,41,0.0328,12100.0,36442.810000000005,4942.089999999999,3445.6900000000005,14062500,33489,12.8164,13.249600000000001,462.25,15129,18922500,484,625,5.214935757608986
70,0,buick century,0,1,1,1,2,0,1.3223441727505745,1.092919149565695,2.0524609538468117,0.4820904602273648,1.8086607861059878,3,1,1.3502968295042073,3,0.9262038973116256,1.229370203762196,2.86635214692675,0.4786837974047973,-1.6290205978436874,-0.49332369748328614,-0.8371953846670438,28176.0,4,40,0.0351931330472103,11384.890000000001,35156.25,4942.089999999999,3014.0099999999998,12215025,33489,12.8164,13.249600000000001,462.25,15129,18922500,484,625,5.214935757608986
71,-1,buick skyhawk,0,1,0,3,2,0,2.8039315856610525,2.319847135161037,2.706677184137835,1.0564365045829227,2.3381089843816754,3,1,1.3502968295042073,3,0.9262038973116256,1.229370203762196,2.86635214692675,0.4786837974047973,-1.6290205978436874,-0.49332369748328614,-0.8371953846670438,31600.0,4,120,0.03262599469496021,13363.359999999999,41046.759999999995,5140.89,3169.6899999999996,14212900,33489,12.8164,13.249600000000001,462.25,15129,18922500,484,625,5.214935757608986
72,-1,buick opel isuzu deluxe,1,0,0,3,2,0,2.8039315856610525,2.319847135161037,2.706677184137835,1.1384859394908609,2.2803509991152366,5,0,2.5779995299535057,5,0.4820593383668702,-0.49680028782170593,-0.4650121690420278,1.2898865127174992,-0.7883680552182476,-1.4126996791566833,-1.8561736518402483,34184.0,4,102,0.04144385026737968,13363.359999999999,41046.759999999995,5140.89,3192.25,13987600,54756,11.9716,9.610000000000001,68.89000000000001,24025,22562500,256,324,5.459585514144159
73,3,buick skylark,1,0,1,0,2,0,-0.3590078351590722,0.507893884910963,2.145920415316959,-1.1999229553853428,2.1744613594600994,5,0,2.5779995299535057,5,0.4820593383668702,-0.49680028782170593,-0.4650121690420278,1.2898865127174992,-0.7883680552182476,-1.4126996791566833,-1.8561736518402483,35056.0,4,121,0.04206241519674356,9331.56,32508.090000000004,4970.25,2580.64,13579225,54756,11.9716,9.610000000000001,68.89000000000001,24025,22562500,256,324,5.459585514144159
74,0,buick century special,1,0,0,3,2,0,3.6862252135740365,2.766741434550069,2.706677184137835,1.220535374398799,2.58839358720291,5,0,4.359372075703469,5,1.7404689220436753,0.30235271754121157,-0.5407249944049548,2.0250389734696355,-1.3137758943591475,-1.7191583397144823,-2.1473102996040208,40960.0,4,42,0.04717948717948718,14616.810000000001,43305.61,5140.89,3214.8900000000003,15210000,94864,14.44,11.2225,64.0,33856,20250000,196,256,5.733341276897746
75,1,buick regal sport coupe (turbo),1,0,1,1,2,0,2.2046378006635563,2.0435852046296348,2.8468663763430526,0.6872140474972072,2.2322193447265377,5,0,4.263081667825093,5,1.7404689220436753,0.30235271754121157,-0.5407249944049548,2.0250389734696355,-1.3137758943591475,-1.7191583397144823,-2.1473102996040208,45400.0,4,113,0.04952893674293405,12544.0,39680.63999999999,5184.0,3069.16,13801225,92416,14.44,11.2225,64.0,33856,20250000,196,256,5.720311776607412
76,1,mercury cougar,1,1,1,2,2,0,0.6564621894200219,0.35351221784929693,0.977677146940136,0.4410657427733958,0.6823800734104337,3,2,0.3151749448116612,5,1.6664448288862161,-0.4328680473926725,-0.5407249944049548,1.796888209787938,-0.2629602160773477,-0.9530116883199847,-0.9827637085489301,16503.0,12,63,0.06013745704467354,10547.29,31826.56,4624.0,3003.0399999999995,8468100,19600,14.2884,9.7344,64.0,30625,25000000,361,576,4.948759890378168
77,2,mitsubishi mirage,1,0,1,2,1,0,-0.8417722730737214,-1.360936821624989,-0.7045931595224864,-1.1999229553853428,-1.2274839727331381,3,2,-0.8403099497288552,1,-1.3315309439908782,-0.08124072503298917,-0.18739847604462975,-0.9155708695389091,0.7878554622044521,1.8051162567002066,1.4918977974431378,5389.0,13,94,0.035453597497393116,8779.69,24743.290000000005,4147.360000000001,2580.64,3678724,8464,8.820900000000002,10.4329,88.36000000000001,4624,30250000,1369,1681,4.532599493153256
78,2,mitsubishi lancer,1,0,1,2,1,0,-0.8417722730737214,-1.360936821624989,-0.7045931595224864,-1.1999229553853428,-1.1774270521688912,3,2,-0.8403099497288552,1,-1.3315309439908782,-0.08124072503298917,-0.18739847604462975,-0.9155708695389091,0.7878554622044521,0.8857402750268095,1.0551928257974788,6189.0,13,89,0.03497942386831276,8779.69,24743.290000000005,4147.360000000001,2580.64,3779136,8464,8.820900000000002,10.4329,88.36000000000001,4624,30250000,961,1444,4.532599493153256
79,2,mitsubishi outlander,1,0,1,2,1,0,-0.8417722730737214,-1.360936821624989,-0.7045931595224864,-1.1999229553853428,-1.061911081636014,3,2,-0.8403099497288552,1,-1.3315309439908782,-0.08124072503298917,-0.18739847604462975,-0.9155708695389091,0.7878554622044521,0.8857402750268095,1.0551928257974788,6669.0,13,104,0.033932135728542916,8779.69,24743.290000000005,4147.360000000001,2580.64,4016016,8464,8.820900000000002,10.4329,88.36000000000001,4624,30250000,961,1444,4.532599493153256
80,1,mitsubishi g4,1,1,1,2,1,0,-0.9583016201565685,-1.360936821624989,-0.9849715439329279,-1.1999229553853428,-0.7904485508837522,3,2,-0.6958743379112906,6,-1.1094586645185023,0.43021719839927847,-0.6416754282221906,-0.05366798451916333,0.7878554622044521,-0.18686503692548712,-0.10935376525761202,7689.0,13,78,0.04755244755244755,8649.0,24743.290000000005,4070.4399999999996,2580.64,4601025,9604,9.1809,11.4921,57.76,10404,30250000,576,900,4.59511985013459
81,3,mitsubishi mirage g4,1,1,1,2,1,0,-0.40894898390886314,-0.08525673064175315,-0.2372958521717572,-1.7742689997409007,-0.3572636613854622,3,2,-0.40700311427616154,6,-0.5912900124162876,0.6539800399008949,-0.6669130366764994,0.30123320343014376,0.7878554622044521,-0.3400943672043866,-0.10935376525761202,9959.0,13,95,0.048945147679324896,9273.689999999999,29929.0,4277.160000000001,2440.3599999999997,5616900,12100,10.0489,11.9716,56.25,13456,30250000,529,900,4.709530201312334
82,3,mitsubishi g4,1,0,1,2,1,0,-0.40894898390886314,-0.08525673064175315,-0.2372958521717572,-1.7742689997409007,-0.43812484075847635,3,2,-0.11813189064103245,1,0.07492682600084534,0.6539800399008949,-0.41453695213341013,-0.4085691724684704,-0.2629602160773477,-0.03363570664658759,0.18178288250616068,8499.0,13,78,0.037800687285223365,9273.689999999999,29929.0,4277.160000000001,2440.3599999999997,5419584,14884,11.2225,11.9716,72.25,7744,25000000,625,1024,4.812184355372417
83,3,mitsubishi outlander,1,1,1,2,1,0,-0.475537182241917,-0.06900602884578928,0.18327172444389506,-1.4460712601091512,0.5341345778932411,3,2,0.7003365763251667,6,0.9262038973116256,1.9326248484815627,-0.7931010789480439,1.03638566418228,-0.2629602160773477,-0.9530116883199847,-0.9827637085489301,12629.0,13,104,0.05118249205788916,9196.810000000001,29998.239999999994,4395.69,2520.0400000000004,8025889,24336,12.8164,14.8996,49.0,21025,25000000,361,576,5.056245805348308
84,3,mitsubishi g4,1,1,1,2,1,0,-0.475537182241917,-0.06900602884578928,0.18327172444389506,-1.4460712601091512,0.7035580013414613,3,2,0.7003365763251667,6,0.9632159438903544,1.9326248484815627,-0.7931010789480439,1.03638566418228,-0.2629602160773477,-0.9530116883199847,-0.9827637085489301,14869.0,13,78,0.04964053406367682,9196.810000000001,29998.239999999994,4395.69,2520.0400000000004,8532241,24336,12.8881,14.8996,49.0,21025,25000000,361,576,5.056245805348308
85,3,mitsubishi mirage g4,1,1,1,2,1,0,-0.475537182241917,-0.06900602884578928,0.18327172444389506,-1.4460712601091512,0.7131843322192011,3,2,0.7003365763251667,6,0.9632159438903544,1.9326248484815627,-0.7931010789480439,1.03638566418228,-0.2629602160773477,-0.9530116883199847,-0.9827637085489301,14489.0,13,95,0.04955570745044429,9196.810000000001,29998.239999999994,4395.69,2520.0400000000004,8561476,24336,12.8881,14.8996,49.0,21025,25000000,361,576,5.056245805348308
86,1,mitsubishi montero,1,0,0,3,1,0,-0.40894898390886314,-0.13400883602964708,-0.2372958521717572,-0.8717252157535934,-0.36688999226320196,3,2,-0.11813189064103245,1,0.07492682600084534,0.6539800399008949,-0.41453695213341013,-0.4085691724684704,-0.2629602160773477,-0.03363570664658759,0.18178288250616068,6989.0,13,99,0.037209302325581395,9273.689999999999,29721.760000000002,4277.160000000001,2662.56,5593225,14884,11.2225,11.9716,72.25,7744,25000000,625,1024,4.812184355372417
87,1,mitsubishi pajero,1,0,0,3,1,0,-0.40894898390886314,-0.13400883602964708,-0.2372958521717572,-0.8717252157535934,-0.2898793452412838,3,2,-0.11813189064103245,1,0.07492682600084534,0.6539800399008949,-0.41453695213341013,-0.4085691724684704,-0.2629602160773477,-0.03363570664658759,0.18178288250616068,8189.0,13,105,0.03659043659043659,9273.689999999999,29721.760000000002,4277.160000000001,2662.56,5784025,14884,11.2225,11.9716,72.25,7744,25000000,625,1024,4.812184355372417
88,1,mitsubishi outlander,1,1,0,3,1,0,-0.40894898390886314,-0.13400883602964708,-0.2372958521717572,-0.8717252157535934,-0.2937298775923797,3,2,-0.40700311427616154,6,-0.5912900124162876,0.6539800399008949,-0.6669130366764994,0.30123320343014376,0.7878554622044521,-0.3400943672043866,-0.10935376525761202,9279.0,13,104,0.04827299209321681,9273.689999999999,29721.760000000002,4277.160000000001,2662.56,5774409,12100,10.0489,11.9716,56.25,13456,30250000,529,900,4.709530201312334
89,-1,mitsubishi mirage g4,1,0,0,3,1,0,-0.40894898390886314,-0.13400883602964708,-0.2372958521717572,-0.8717252157535934,-0.2937298775923797,3,2,-0.40700311427616154,6,-0.5912900124162876,0.6539800399008949,-0.6669130366764994,0.30123320343014376,0.7878554622044521,-0.3400943672043866,-0.10935376525761202,9279.0,13,95,0.04827299209321681,9273.689999999999,29721.760000000002,4277.160000000001,2662.56,5774409,12100,10.0489,11.9716,56.25,13456,30250000,529,900,4.709530201312334
90,1,Nissan versa,1,0,1,3,1,0,-0.7085958764076113,-0.7109087497863971,-0.9849715439329279,0.3179915904114915,-1.2833166918240289,3,2,-0.7199469398808848,1,-0.6653141055737468,0.11055599625411121,-0.18739847604462975,-0.8902207846853871,0.1573660552353722,0.8857402750268095,0.9096245019155924,5499.0,0,133,0.036527263102170464,8930.25,27324.090000000004,4070.4399999999996,2970.25,3568321,9409,9.9225,10.8241,88.36000000000001,4761,27040000,961,1369,4.584967478670572
91,1,nissan gt-r,0,0,1,3,1,0,-0.7085958764076113,-0.7109087497863971,-0.9849715439329279,0.3179915904114915,-1.0368826213538904,3,2,-0.5755113280633202,3,-1.257506850833419,0.6859461601154123,2.967302580743985,-1.2451219726346943,-0.6832864873900676,3.030950898931403,2.802012712380115,7099.0,14,85,0.027268220128904314,8930.25,27324.090000000004,4070.4399999999996,2970.25,4068289,10609,8.940100000000001,12.0409,479.60999999999996,3025,23040000,2025,2500,4.6443908991413725
92,1,nissan rogue,1,0,1,3,1,0,-0.7085958764076113,-0.7109087497863971,-0.9849715439329279,0.3179915904114915,-1.2274839727331381,3,2,-0.7199469398808848,1,-0.6653141055737468,0.11055599625411121,-0.18739847604462975,-0.8902207846853871,0.1573660552353722,0.8857402750268095,0.9096245019155924,6649.0,14,114,0.03597497393117831,8930.25,27324.090000000004,4070.4399999999996,2970.25,3678724,9409,9.9225,10.8241,88.36000000000001,4761,27040000,961,1369,4.584967478670572
93,1,nissan latio,1,0,0,3,1,0,-0.7085958764076113,-0.7109087497863971,-0.9849715439329279,0.3179915904114915,-1.188978649222179,3,2,-0.7199469398808848,1,-0.6653141055737468,0.11055599625411121,-0.18739847604462975,-0.8902207846853871,0.1573660552353722,0.8857402750268095,0.9096245019155924,6849.0,14,90,0.03560371517027864,8930.25,27324.090000000004,4070.4399999999996,2970.25,3755844,9409,9.9225,10.8241,88.36000000000001,4761,27040000,961,1369,4.584967478670572
94,1,nissan titan,1,0,0,4,1,0,-0.7085958764076113,-0.3127665557852613,-0.9849715439329279,-0.09225558412819312,-1.0234057581250549,3,2,-0.7199469398808848,1,-0.6653141055737468,0.11055599625411121,-0.18739847604462975,-0.8902207846853871,0.1573660552353722,0.8857402750268095,0.9096245019155924,7349.0,14,127,0.03409090909090909,8930.25,28968.039999999997,4070.4399999999996,2862.25,4096576,9409,9.9225,10.8241,88.36000000000001,4761,27040000,961,1369,4.584967478670572
95,1,nissan leaf,1,0,1,3,1,0,-0.7085958764076113,-0.7109087497863971,-0.9849715439329279,0.3179915904114915,-1.1639501889400556,3,2,-0.7199469398808848,1,-0.6653141055737468,0.11055599625411121,-0.18739847604462975,-0.8902207846853871,0.1573660552353722,0.8857402750268095,0.9096245019155924,7299.0,14,91,0.035366478728856995,8930.25,27324.090000000004,4070.4399999999996,2970.25,3806401,9409,9.9225,10.8241,88.36000000000001,4761,27040000,961,1369,4.584967478670572
96,1,nissan juke,1,0,1,2,1,0,-0.7085958764076113,-0.6865326970924512,-0.9849715439329279,-0.17430501903613121,-1.015704693422863,3,2,-0.7199469398808848,1,-0.6653141055737468,0.11055599625411121,-0.18739847604462975,-0.8902207846853871,0.1573660552353722,0.8857402750268095,0.9096245019155924,7799.0,14,87,0.034023668639053255,8930.25,27423.359999999997,4070.4399999999996,2840.89,4112784,9409,9.9225,10.8241,88.36000000000001,4761,27040000,961,1369,4.584967478670572
97,1,nissan latio,1,0,0,3,1,0,-0.7085958764076113,-0.7109087497863971,-0.9849715439329279,0.3179915904114915,-1.1254448654290965,3,2,-0.7199469398808848,1,-0.6653141055737468,0.11055599625411121,-0.18739847604462975,-0.8902207846853871,0.1573660552353722,0.8857402750268095,0.9096245019155924,7499.0,14,90,0.0350076103500761,8930.25,27324.090000000004,4070.4399999999996,2970.25,3884841,9409,9.9225,10.8241,88.36000000000001,4761,27040000,961,1369,4.584967478670572
98,1,nissan note,1,0,0,4,1,0,-0.7085958764076113,-0.3127665557852613,-0.9849715439329279,-0.09225558412819312,-0.9983772978429314,3,2,-0.7199469398808848,1,-0.6653141055737468,0.11055599625411121,-0.18739847604462975,-0.8902207846853871,0.1573660552353722,0.8857402750268095,0.9096245019155924,7999.0,14,100,0.033873343151693665,8930.25,28968.039999999997,4070.4399999999996,2862.25,4149369,9409,9.9225,10.8241,88.36000000000001,4761,27040000,961,1369,4.584967478670572
99,2,nissan clipper,1,0,1,1,1,0,-0.6087135789080294,-0.9465439258278872,-0.9849715439329279,-0.17430501903613121,-1.054210016933822,3,2,-0.7199469398808848,1,-0.6653141055737468,0.11055599625411121,-0.18739847604462975,-0.8902207846853871,0.1573660552353722,0.8857402750268095,0.9096245019155924,8249.0,14,49,0.03436254980079681,9044.009999999998,26373.760000000002,4070.4399999999996,2840.89,4032064,9409,9.9225,10.8241,88.36000000000001,4761,27040000,961,1369,4.584967478670572
100,0,nissan rogue,1,0,0,2,1,0,-0.25912553765948787,-0.052755327049823095,-0.33075531364190436,0.40004102531942964,-0.44582590546066814,3,2,-0.16627709458022064,1,0.0009027328433861145,0.6859461601154123,-0.41453695213341013,-0.180418408786773,0.1573660552353722,0.2728229539112114,0.4729195302699334,8949.0,14,114,0.04173838209982788,9447.84,30067.56,4251.04,2992.09,5400976,14400,11.0889,12.0409,72.25,9409,27040000,729,1156,4.795790545596741
101,0,nissan nv200,1,0,0,3,1,0,-0.25912553765948787,-0.052755327049823095,-0.33075531364190436,0.40004102531942964,-0.4881817613227232,3,2,-0.16627709458022064,1,0.0009027328433861145,0.6859461601154123,-0.41453695213341013,-0.180418408786773,0.1573660552353722,0.2728229539112114,0.4729195302699334,9549.0,14,101,0.0421372719374457,9447.84,30067.56,4251.04,2992.09,5299204,14400,11.0889,12.0409,72.25,9409,27040000,729,1156,4.795790545596741
102,0,nissan dayz,1,0,0,3,1,0,0.27358004900495464,0.6216487974827147,0.2767311859140422,0.5641398951353029,1.0385543158868056,5,3,1.302151625565019,5,0.3710231986306822,0.046623755825077745,-0.2883489098618655,1.2138362581569333,0.1573660552353722,-1.2594703488777836,-1.273900356312703,13499.0,14,69,0.04911147011308562,10080.160000000002,33014.89,4422.25,3036.01,9579025,32761,11.7649,10.6929,81.0,23104,27040000,289,484,5.204006687076795
103,0,nissan fuga,1,0,0,4,1,0,0.27358004900495464,0.8572839735242048,0.2767311859140422,0.9743870696749876,1.4255328171719446,5,3,1.302151625565019,5,0.3710231986306822,0.046623755825077745,-0.2883489098618655,1.2138362581569333,0.1573660552353722,-1.2594703488777836,-1.273900356312703,14399.0,14,75,0.04611650485436893,10080.160000000002,34077.159999999996,4422.25,3147.21,10863616,32761,11.7649,10.6929,81.0,23104,27040000,289,484,5.204006687076795
104,0,nissan otti,1,0,0,3,1,0,0.27358004900495464,0.8572839735242048,0.2767311859140422,0.5641398951353029,0.9711699997426271,5,3,1.302151625565019,5,0.3710231986306822,0.046623755825077745,-0.2883489098618655,1.2138362581569333,0.1573660552353722,-0.9530116883199847,-0.8371953846670438,13499.0,14,103,0.04967320261437908,10080.160000000002,34077.159999999996,4422.25,3036.01,9363600,32761,11.7649,10.6929,81.0,23104,27040000,361,625,5.204006687076795
105,3,nissan teana,1,0,1,2,2,0,-1.2413014630720538,-0.27213980129534926,0.9309474162050657,-1.6511948473789937,0.9923479276736545,5,3,1.302151625565019,5,0.3710231986306822,0.046623755825077745,-0.2883489098618655,1.4166369369851088,0.1573660552353722,-0.9530116883199847,-0.8371953846670438,17199.0,14,125,0.052100293064148484,8335.689999999999,29138.489999999994,4610.410000000001,2470.09,9431041,32761,11.7649,10.6929,81.0,25600,27040000,361,625,5.204006687076795
106,3,nissan kicks,1,1,1,2,2,0,-1.2413014630720538,-0.27213980129534926,0.9309474162050657,-1.6511948473789937,1.1232660276109157,5,3,1.302151625565019,5,0.3710231986306822,0.046623755825077745,-0.5912002113135727,2.430640331125986,0.1573660552353722,-1.2594703488777836,-1.1283320324308166,19699.0,14,88,0.06371455877668047,8335.689999999999,29138.489999999994,4610.410000000001,2470.09,9853321,32761,11.7649,10.6929,60.839999999999996,40000,27040000,289,529,5.204006687076795
107,1,nissan clipper,1,0,1,2,2,0,0.07381545400578841,0.36163756874727887,0.9309474162050657,-1.6511948473789937,1.1232660276109157,5,3,1.302151625565019,5,0.3710231986306822,0.046623755825077745,-0.2883489098618655,1.4166369369851088,0.1573660552353722,-0.9530116883199847,-0.8371953846670438,18399.0,14,49,0.05097164702134438,9840.640000000001,31862.25,4610.410000000001,2470.09,9853321,32761,11.7649,10.6929,81.0,25600,27040000,361,625,5.204006687076795
108,0,peugeot 504,1,0,0,3,2,0,1.5221087677497407,1.0279163423818347,1.1645960698804303,1.220535374398799,0.8941593527207089,2,2,-0.16627709458022064,5,0.4820593383668702,-0.20910520589105608,-0.43977456058771897,-0.180418408786773,-0.2629602160773477,-0.9530116883199847,-0.9827637085489301,11900.0,15,18,0.032119205298013244,11642.410000000002,34856.88999999999,4678.56,3214.8900000000003,9120400,14400,11.9716,10.1761,70.56,9409,25000000,361,576,4.795790545596741
109,0,peugeot 304,0,1,0,3,2,0,1.5221087677497407,1.0279163423818347,1.1645960698804303,1.220535374398799,1.234931465792697,2,2,0.6040461684467903,3,1.3703484562563808,0.8457767611879953,2.740164104655205,-0.23111857849381687,-2.049346869156407,0.42605228419011093,0.32735120638804704,13200.0,15,11,0.029715358148264,11642.410000000002,34856.88999999999,4678.56,3214.8900000000003,10220809,23104,13.690000000000001,12.3904,441.0,9025,17222500,784,1089,5.030437921392435
110,0,peugeot 504 (sw),1,0,0,4,2,0,2.5708728914953607,2.019209151935689,1.1645960698804303,2.041029723478168,1.2984652495857796,2,2,-0.16627709458022064,5,0.4820593383668702,-0.20910520589105608,-0.43977456058771897,-0.180418408786773,-0.2629602160773477,-0.9530116883199847,-0.9827637085489301,12440.0,15,19,0.030030959752321982,13041.640000000001,39561.21,4678.56,3445.6900000000005,10432900,14400,11.9716,10.1761,70.56,9409,25000000,361,576,4.795790545596741
111,0,peugeot 504,0,1,0,4,2,0,2.5708728914953607,2.019209151935689,1.1645960698804303,2.041029723478168,1.6835184846953706,2,2,0.6040461684467903,3,1.3703484562563808,0.8457767611879953,2.740164104655205,-0.23111857849381687,-2.049346869156407,-0.03363570664658759,-0.8371953846670438,13860.0,15,18,0.027696793002915453,13041.640000000001,39561.21,4678.56,3445.6900000000005,11764900,23104,13.690000000000001,12.3904,441.0,9025,17222500,625,625,5.030437921392435
112,0,peugeot 504,1,0,0,3,2,0,1.5221087677497407,1.0279163423818347,1.1645960698804303,1.220535374398799,1.0000489923758464,2,2,-0.16627709458022064,5,0.4820593383668702,-3.405717227342726,-0.43977456058771897,-0.23111857849381687,-0.2629602160773477,-0.9530116883199847,-0.9827637085489301,15580.0,15,18,0.030894308943089432,11642.410000000002,34856.88999999999,4678.56,3214.8900000000003,9455625,14400,11.9716,4.7961,70.56,9025,25000000,361,576,4.795790545596741
113,0,peugeot 604sl,0,1,0,3,2,0,1.5221087677497407,1.0279163423818347,1.1645960698804303,1.220535374398799,1.3408211054478345,2,2,0.6040461684467903,3,1.3703484562563808,0.8457767611879953,2.740164104655205,-0.23111857849381687,-2.049346869156407,0.42605228419011093,0.32735120638804704,16900.0,15,21,0.02921279212792128,11642.410000000002,34856.88999999999,4678.56,3214.8900000000003,10575504,23104,13.690000000000001,12.3904,441.0,9025,17222500,784,1089,5.030437921392435
114,0,peugeot 504,1,0,0,4,2,0,2.5708728914953607,2.019209151935689,1.1645960698804303,1.220535374398799,1.404354889240917,2,2,-0.16627709458022064,5,0.4820593383668702,-3.405717227342726,-0.43977456058771897,-0.23111857849381687,-0.2629602160773477,-0.9530116883199847,-0.9827637085489301,16695.0,15,18,0.0289193302891933,13041.640000000001,39561.21,4678.56,3214.8900000000003,10791225,14400,11.9716,4.7961,70.56,9025,25000000,361,576,4.795790545596741
115,0,peugeot 505s turbo diesel,0,1,0,4,2,0,2.5708728914953607,2.019209151935689,1.1645960698804303,2.041029723478168,1.7894081243505082,2,2,0.6040461684467903,3,1.3703484562563808,0.8457767611879953,2.740164104655205,-0.23111857849381687,-2.049346869156407,-0.03363570664658759,-0.8371953846670438,17075.0,15,20,0.027259684361549498,13041.640000000001,39561.21,4678.56,3445.6900000000005,12145225,23104,13.690000000000001,12.3904,441.0,9025,17222500,625,625,5.030437921392435
116,0,peugeot 504,1,0,0,3,2,0,1.5221087677497407,1.0279163423818347,1.1645960698804303,1.220535374398799,1.0000489923758464,2,2,-0.16627709458022064,5,0.4820593383668702,-0.20910520589105608,-0.43977456058771897,-0.180418408786773,-0.2629602160773477,-0.9530116883199847,-0.9827637085489301,16630.0,15,18,0.031544715447154474,11642.410000000002,34856.88999999999,4678.56,3214.8900000000003,9455625,14400,11.9716,10.1761,70.56,9409,25000000,361,576,4.795790545596741
117,0,peugeot 504,0,1,0,3,2,0,1.5221087677497407,1.0279163423818347,1.1645960698804303,1.220535374398799,1.3408211054478345,2,2,0.6040461684467903,3,1.3703484562563808,0.8457767611879953,2.740164104655205,-0.23111857849381687,-2.049346869156407,0.42605228419011093,0.32735120638804704,17950.0,15,18,0.02921279212792128,11642.410000000002,34856.88999999999,4678.56,3214.8900000000003,10575504,23104,13.690000000000001,12.3904,441.0,9025,17222500,784,1089,5.030437921392435
118,0,peugeot 604sl,1,1,0,3,2,0,1.5387558173330036,1.0279163423818347,1.1178663391453534,0.9333623522210185,1.1059386320309839,2,2,0.17073933299409666,5,1.0372400370478136,-0.14517296546202263,-0.7931010789480439,0.960335409621714,0.998018597860812,-1.1062410185988842,-0.9827637085489301,18150.0,15,21,0.04536741214057508,11664.0,34856.88999999999,4664.889999999999,3136.0,9796900,17956,13.0321,10.3041,49.0,20164,31360000,324,576,4.90527477843843
119,1,plymouth fury iii,1,0,1,2,1,0,-0.8417722730737214,-1.360936821624989,-0.9849715439329279,-1.1999229553853428,-1.2274839727331381,3,2,-0.8884551536680434,1,-1.3315309439908782,-0.08124072503298917,-0.18739847604462975,-0.9155708695389091,0.7878554622044521,1.8051162567002066,1.4918977974431378,5572.0,16,77,0.035453597497393116,8779.69,24743.290000000005,4070.4399999999996,2580.64,3678724,8100,8.820900000000002,10.4329,88.36000000000001,4624,30250000,1369,1681,4.51085950651685
120,1,plymouth cricket,1,1,1,2,1,0,-0.8417722730737214,-1.360936821624989,-0.9849715439329279,-1.1999229553853428,-0.8231780758680675,3,2,-0.6958743379112906,6,-1.1094586645185023,0.43021719839927847,-0.6416754282221906,-0.05366798451916333,0.7878554622044521,-0.18686503692548712,-0.10935376525761202,7957.0,16,65,0.047932330827067667,8779.69,24743.290000000005,4070.4399999999996,2580.64,4528384,9604,9.1809,11.4921,57.76,10404,30250000,576,900,4.59511985013459
121,1,plymouth fury iii,1,0,0,2,1,0,-0.8417722730737214,-1.360936821624989,-0.9849715439329279,-1.281972390293278,-1.1331459301312883,3,2,-0.8884551536680434,1,-1.3315309439908782,-0.08124072503298917,-0.18739847604462975,-0.9155708695389091,0.7878554622044521,0.8857402750268095,1.0551928257974788,6229.0,16,77,0.03457041179461108,8779.69,24743.290000000005,4070.4399999999996,2560.36,3869089,8100,8.820900000000002,10.4329,88.36000000000001,4624,30250000,961,1444,4.51085950651685
122,1,plymouth satellite custom (sw),1,0,0,3,1,0,-0.8417722730737214,-0.548401731826749,-0.9849715439329279,-1.1999229553853428,-1.0907900742692331,3,2,-0.8884551536680434,1,-1.3315309439908782,-0.08124072503298917,-0.18739847604462975,-0.9155708695389091,0.7878554622044521,0.8857402750268095,1.0551928257974788,6692.0,16,119,0.03418803418803419,8779.69,27989.290000000005,4070.4399999999996,2580.64,3956121,8100,8.820900000000002,10.4329,88.36000000000001,4624,30250000,961,1444,4.51085950651685
123,1,plymouth fury gran sedan,1,0,0,3,1,0,-0.8417722730737214,-0.548401731826749,-0.9849715439329279,-1.1999229553853428,-0.7018863068085462,3,2,-0.6958743379112906,1,-1.3315309439908782,-0.08124072503298917,-0.18739847604462975,-0.9155708695389091,0.7878554622044521,0.8857402750268095,1.0551928257974788,7609.0,16,76,0.031036056595162027,8779.69,27989.290000000005,4070.4399999999996,2580.64,4800481,9604,8.820900000000002,10.4329,88.36000000000001,4624,30250000,961,1444,4.59511985013459
124,-1,plymouth valiant,1,0,0,4,1,0,0.7563444869196039,0.04474888372596479,-0.6111336980523459,2.492301615471819,-0.039594742420049546,3,2,-0.11813189064103245,1,0.07492682600084534,0.6539800399008949,-0.41453695213341013,-0.4085691724684704,-0.2629602160773477,-0.18686503692548712,-0.10935376525761202,8921.0,16,131,0.03471400394477318,10670.89,30485.159999999996,4173.159999999999,3576.0399999999995,6426225,14884,11.2225,11.9716,72.25,7744,25000000,576,900,4.812184355372417
125,3,plymouth duster,1,1,1,2,2,0,-0.475537182241917,-0.06900602884578928,0.18327172444389506,-1.4460712601091512,0.5052555852600219,3,2,0.7003365763251667,6,0.9632159438903544,1.9326248484815627,-0.7931010789480439,1.03638566418228,-0.2629602160773477,-0.9530116883199847,-0.9827637085489301,12764.0,16,72,0.05145493257629524,9196.810000000001,29998.239999999994,4395.69,2520.0400000000004,7941124,24336,12.8881,14.8996,49.0,21025,25000000,361,576,5.056245805348308
126,3,porsche macan,1,0,1,2,2,0,-0.7085958764076113,-0.4183961174590311,1.1178663391453534,-1.4460712601091512,0.4282449382381036,3,2,0.5799735664771962,5,2.2586375741458897,-0.46483416760718993,-0.16216086759032092,0.985685494475236,0.7878554622044521,-0.9530116883199847,-0.5460587369032711,22018.0,18,92,0.05147588192944565,8930.25,28527.210000000003,4664.889999999999,2520.0400000000004,7717284,22801,15.5236,9.672099999999999,90.25,20449,30250000,361,729,5.0238805208462765
127,3,porcshce panamera,1,0,1,1,2,1,-1.5409483555708021,-0.4183961174590311,-0.4242147751120515,-0.8717252157535934,0.38588908237604863,4,3,1.6150954511697422,5,1.5183966425712994,-1.1361226921120404,-0.16216086759032092,2.60809092510064,1.6285080048298919,-1.2594703488777836,-0.8371953846670438,32528.0,17,106,0.07510885341074021,8010.25,28527.210000000003,4225.0,2662.56,7595536,37636,13.987600000000002,8.41,90.25,42849,34810000,289,625,5.272999558563747
128,3,porsche cayenne,1,0,1,1,2,1,-1.5409483555708021,-0.4183961174590311,-0.4242147751120515,-0.8717252157535934,0.38588908237604863,4,3,1.6150954511697422,5,1.5183966425712994,-1.1361226921120404,-0.16216086759032092,2.60809092510064,1.6285080048298919,-1.2594703488777836,-0.8371953846670438,34028.0,18,37,0.07510885341074021,8010.25,28527.210000000003,4225.0,2662.56,7595536,37636,13.987600000000002,8.41,90.25,42849,34810000,289,625,5.272999558563747
129,3,porsche boxter,1,0,1,0,2,1,-1.5409483555708021,-0.4183961174590311,-0.4242147751120515,-0.8717252157535934,0.47060079410015865,4,3,1.6150954511697422,5,1.5183966425712994,-1.1361226921120404,-0.16216086759032092,2.60809092510064,1.6285080048298919,-1.2594703488777836,-0.8371953846670438,37028.0,18,34,0.07392857142857143,8010.25,28527.210000000003,4225.0,2662.56,7840000,37636,13.987600000000002,8.41,90.25,42849,34810000,289,625,5.272999558563747
130,1,porsche cayenne,1,0,1,2,2,0,-0.05936094266032163,0.13412774360377072,2.98705556854827,-1.322997107747247,1.5603014494603014,1,0,1.831748868896089,5,2.2586375741458897,-0.46483416760718993,-0.035972825318776304,4.661447798235916,1.313263301345352,-1.2594703488777836,-0.4004904130213847,31400.5,18,37,0.0855614973262032,9682.560000000001,30870.489999999994,5227.29,2550.25,11329956,41209,15.5236,9.672099999999999,100.0,82944,33062500,289,784,5.318119993844216
131,0,renault 12tl,1,0,0,4,1,0,-0.44224308307539123,0.6053980956867508,0.2767311859140422,0.6051646125892719,0.0451169693040605,3,2,0.12259412905490848,5,0.4820593383668702,2.0604893293396294,-0.36406173522479246,-0.3578690027614265,-0.052797080420987755,-0.3400943672043866,0.03621455862427433,9295.0,19,4,0.03489724699495929,9235.21,32942.25,4422.25,3047.0400000000004,6651241,17424,11.9716,15.209999999999999,75.68999999999998,8100,26010000,529,961,4.890349128221754
132,2,renault 5 gtl,1,0,1,2,1,0,-0.44224308307539123,0.22350660348157897,0.3234609166491125,-1.322997107747247,-0.18398970558614622,3,2,0.12259412905490848,5,0.4820593383668702,2.0604893293396294,-0.36406173522479246,-0.3578690027614265,-0.052797080420987755,-0.3400943672043866,0.03621455862427433,9895.0,19,15,0.036585365853658534,9235.21,31258.240000000005,4435.5599999999995,2550.25,6051600,17424,11.9716,15.209999999999999,75.68999999999998,8100,26010000,529,961,4.890349128221754
133,3,saab 99e,1,0,1,2,1,0,0.057168404422523175,1.0197909914838528,0.2767311859140422,0.9743870696749876,0.19721299717234897,3,2,-0.14220449261062654,5,0.7781557109967071,-0.5926986484652568,-0.21011232365350774,0.14913269430901213,0.2624476230635522,-0.6465530277621856,-0.4004904130213847,11850.0,20,23,0.04138449962377728,9820.81,34819.56,4422.25,3147.21,7064964,14641,12.531600000000001,9.4249,86.6761,12100,27562500,441,784,4.804021044733257
134,2,saab 99le,1,0,0,3,1,0,0.057168404422523175,1.0197909914838528,0.2767311859140422,0.9743870696749876,0.2684478456676233,3,2,-0.14220449261062654,5,0.7781557109967071,-0.5926986484652568,-0.2126360844989386,0.14913269430901213,0.2624476230635522,-0.6465530277621856,-0.4004904130213847,12170.0,20,25,0.04081632653061224,9820.81,34819.56,4422.25,3147.21,7263025,14641,12.531600000000001,9.4249,86.49000000000001,12100,27562500,441,784,4.804021044733257
135,3,saab 99le,1,0,1,2,1,0,0.057168404422523175,1.0197909914838528,0.2767311859140422,0.9743870696749876,0.2915510397741988,3,2,-0.14220449261062654,5,-2.9230489468762504,-3.7893106699169268,-0.2126360844989386,0.14913269430901213,0.2624476230635522,-0.6465530277621856,-0.4004904130213847,15040.0,20,25,0.04063538973032878,9820.81,34819.56,4422.25,3147.21,7327849,14641,6.4516,4.2848999999999995,86.49000000000001,12100,27562500,441,784,4.804021044733257
136,2,saab 99gle,1,0,0,3,1,0,0.057168404422523175,1.0197909914838528,0.2767311859140422,0.9743870696749876,0.3897396147271445,3,2,-0.14220449261062654,5,0.7781557109967071,-0.5926986484652568,-0.2126360844989386,0.14913269430901213,0.2624476230635522,-0.6465530277621856,-0.4004904130213847,15510.0,20,24,0.03988397389412618,9820.81,34819.56,4422.25,3147.21,7606564,14641,12.531600000000001,9.4249,86.49000000000001,12100,27562500,441,784,4.804021044733257
137,3,saab 99gle,1,1,1,2,1,0,0.057168404422523175,1.0197909914838528,0.2767311859140422,0.9743870696749876,0.48600292350454233,0,2,-0.14220449261062654,5,0.7781557109967071,-0.5926986484652568,-0.2883489098618655,1.4166369369851088,0.7878554622044521,-0.9530116883199847,-0.6916270607851575,18150.0,20,24,0.05698005698005698,9820.81,34819.56,4422.25,3147.21,7884864,14641,12.531600000000001,9.4249,81.0,25600,30250000,361,676,4.804021044733257
138,2,saab 99e,1,1,0,3,1,0,0.057168404422523175,1.0197909914838528,0.2767311859140422,0.9743870696749876,0.5610883043509126,0,2,-0.14220449261062654,5,0.7781557109967071,-0.5926986484652568,-0.2883489098618655,1.4166369369851088,0.7878554622044521,-0.9530116883199847,-0.6916270607851575,18620.0,20,23,0.056199508254302775,9820.81,34819.56,4422.25,3147.21,8105409,14641,12.531600000000001,9.4249,81.0,25600,30250000,361,676,4.804021044733257
139,2,subaru,1,0,1,2,1,0,-0.8417722730737214,-1.393438225216919,-1.1718904668732189,-0.010206149220255032,-0.9733488375608079,4,2,-0.7199469398808848,1,1.074252083626544,-2.862293183695942,-0.2883489098618655,-0.8902207846853871,-0.4731233517337077,0.8857402750268095,0.7640561780337061,5118.0,21,0,0.033658536585365856,8779.69,24617.61,4019.56,2883.6900000000005,4202500,9409,13.1044,5.569599999999999,81.0,4761,24010000,961,1296,4.584967478670572
140,2,subaru dl,1,0,1,2,1,0,-0.8417722730737214,-1.3121847162370952,-1.0784310054030717,-0.010206149220255032,-0.838580205272451,4,2,-0.45514831821534973,1,1.074252083626544,-1.967241817689474,-0.36406173522479246,-0.7888204452712995,-1.5239390300155076,0.11959362363231192,0.03621455862427433,7053.0,21,71,0.03443396226415094,8779.69,24932.410000000003,4044.96,2883.6900000000005,4494400,11664,13.1044,6.969600000000001,75.68999999999998,5329,19360000,676,961,4.6913478822291435
141,2,subaru dl,1,0,1,2,0,0,-0.9083604714067776,-1.360936821624989,-0.9849715439329279,0.8102881998591143,-0.6075482642066964,4,2,-0.45514831821534973,1,1.074252083626544,-1.967241817689474,-0.36406173522479246,-0.7888204452712995,-1.5239390300155076,0.11959362363231192,0.03621455862427433,7603.0,21,71,0.032589285714285716,8704.89,24743.290000000005,4070.4399999999996,3102.4900000000002,5017600,11664,13.1044,6.969600000000001,75.68999999999998,5329,19360000,676,961,4.6913478822291435
142,0,subaru,1,0,0,3,1,0,-0.25912553765948787,-0.16651023962157716,-0.2372958521717572,-0.5025027586678777,-0.7904485508837522,4,2,-0.45514831821534973,1,1.074252083626544,-1.967241817689474,-0.16216086759032092,-0.5606696815896021,-0.6832864873900676,1.038969605305709,0.9096245019155924,7126.0,21,0,0.03822843822843823,9447.84,29584.0,4277.160000000001,2756.25,4601025,11664,13.1044,6.969600000000001,90.25,6724,23040000,1024,1369,4.6913478822291435
143,0,subaru brz,1,0,0,3,1,0,-0.25912553765948787,-0.16651023962157716,-0.2372958521717572,-0.5025027586678777,-0.7038115729840941,4,2,-0.45514831821534973,1,1.074252083626544,-1.967241817689474,-0.16216086759032092,-0.5606696815896021,-1.5239390300155076,0.42605228419011093,0.32735120638804704,7775.0,21,35,0.03744292237442922,9447.84,29584.0,4277.160000000001,2756.25,4796100,11664,13.1044,6.969600000000001,90.25,6724,19360000,784,1089,4.6913478822291435
144,0,subaru baja,1,0,0,3,1,0,-0.25912553765948787,-0.16651023962157716,-0.2372958521717572,-0.5025027586678777,-0.4150216466519009,4,2,-0.45514831821534973,5,1.074252083626544,-1.967241817689474,-0.2883489098618655,-0.2564686633473388,0.1573660552353722,0.11959362363231192,0.18178288250616068,9960.0,21,33,0.040170940170940174,9447.84,29584.0,4277.160000000001,2756.25,5475600,11664,13.1044,6.969600000000001,81.0,8836,27040000,676,1024,4.6913478822291435
145,0,subaru r1,1,0,0,3,0,0,-0.29241963682601596,-0.16651023962157716,-0.2372958521717572,0.23594215550355344,-0.32838466875224287,4,2,-0.45514831821534973,1,1.074252083626544,-1.967241817689474,-0.2883489098618655,-0.5606696815896021,-0.6832864873900676,-0.18686503692548712,-0.8371953846670438,9233.0,21,108,0.034381551362683435,9409.0,29584.0,4277.160000000001,2948.49,5688225,11664,13.1044,6.969600000000001,81.0,6724,23040000,576,625,4.6913478822291435
146,0,subaru r2,1,1,0,3,0,0,-0.29241963682601596,-0.16651023962157716,-0.2372958521717572,0.23594215550355344,-0.08772639680874843,4,2,-0.45514831821534973,5,1.074252083626544,-1.967241817689474,-0.6164378197678815,0.17448277916253407,-0.6832864873900676,-0.18686503692548712,-0.2549220891394984,11259.0,21,109,0.044223107569721115,9409.0,29584.0,4277.160000000001,2948.49,6300100,11664,13.1044,6.969600000000001,59.290000000000006,12321,23040000,576,841,4.6913478822291435
147,0,subaru trezia,1,0,0,4,1,0,-0.29241963682601596,-0.04462997615184115,-0.2372958521717572,-0.29737917139803544,-0.5112849554292986,4,2,-0.45514831821534973,1,1.074252083626544,-1.967241817689474,-0.2883489098618655,-0.5606696815896021,-0.6832864873900676,0.42605228419011093,0.18178288250616068,7463.0,21,128,0.03580786026200873,9409.0,30102.25,4277.160000000001,2809.0,5244100,11664,13.1044,6.969600000000001,81.0,6724,23040000,784,1024,4.6913478822291435
148,0,subaru tribeca,1,0,0,4,1,0,-0.29241963682601596,-0.04462997615184115,-0.2372958521717572,-0.29737917139803544,-0.19361603646388598,4,2,-0.45514831821534973,5,1.074252083626544,-1.967241817689474,-0.2883489098618655,-0.2564686633473388,0.1573660552353722,-0.03363570664658759,0.03621455862427433,10198.0,21,129,0.038289205702647655,9409.0,30102.25,4277.160000000001,2809.0,6027025,11664,13.1044,6.969600000000001,81.0,8836,27040000,625,961,4.6913478822291435
149,0,subaru dl,1,0,0,4,0,0,-0.30906668640927887,-0.03650462525385922,-0.2372958521717572,0.4820904602273648,-0.2610003526080644,4,2,-0.45514831821534973,1,1.074252083626544,-1.967241817689474,-0.2883489098618655,-0.5606696815896021,-0.6832864873900676,-0.3400943672043866,-0.2549220891394984,8013.0,21,71,0.033884297520661154,9389.61,30136.96,4277.160000000001,3014.0099999999998,5856400,11664,13.1044,6.969600000000001,81.0,6724,23040000,529,841,4.6913478822291435
150,0,subaru dl,1,1,0,4,0,0,-0.30906668640927887,-0.03650462525385922,-0.2372958521717572,0.4820904602273648,0.18181086776796535,4,2,-0.45514831821534973,5,1.074252083626544,-1.967241817689474,-0.6164378197678815,0.17448277916253407,-0.6832864873900676,-0.3400943672043866,-1.1283320324308166,11694.0,21,71,0.04188679245283019,9389.61,30136.96,4277.160000000001,3014.0099999999998,7022500,11664,13.1044,6.969600000000001,59.290000000000006,12321,23040000,529,529,4.6913478822291435
151,1,toyota corona mark ii,1,0,1,2,1,0,-0.5088312814084451,-1.2471819090532372,-1.0784310054030717,0.3179915904114915,-1.0984911389714251,3,2,-0.8403099497288552,1,-1.0354345713610429,-0.7205631293233238,-0.2883489098618655,-1.0676713786600407,-0.6832864873900676,1.4986575961424076,1.200761149679365,5348.0,22,60,0.031234256926952142,9158.49,25185.689999999995,4044.96,2970.25,3940225,8464,9.302499999999998,9.1809,81.0,3844,23040000,1225,1521,4.532599493153256
152,1,toyota corona,1,0,1,2,1,0,-0.5088312814084451,-1.2471819090532372,-1.0784310054030717,0.3179915904114915,-0.9926014993162875,3,2,-0.8403099497288552,1,-1.0354345713610429,-0.7205631293233238,-0.2883489098618655,-1.0676713786600407,-0.6832864873900676,0.8857402750268095,1.0551928257974788,6338.0,22,57,0.030392156862745098,9158.49,25185.689999999995,4044.96,2970.25,4161600,8464,9.302499999999998,9.1809,81.0,3844,23040000,961,1444,4.532599493153256
153,1,toyota corolla 1200,1,0,0,2,1,0,-0.5088312814084451,-1.2471819090532372,-1.0784310054030717,0.3179915904114915,-1.0407331537049864,3,2,-0.8403099497288552,1,-1.0354345713610429,-0.7205631293233238,-0.2883489098618655,-1.0676713786600407,-0.6832864873900676,0.8857402750268095,1.0551928257974788,6488.0,22,53,0.03076923076923077,9158.49,25185.689999999995,4044.96,2970.25,4060225,8464,9.302499999999998,9.1809,81.0,3844,23040000,961,1444,4.532599493153256
154,0,toyota corona hardtop,1,0,0,4,1,0,-0.5088312814084451,-0.3533933102751733,-1.0784310054030717,2.2051285932940417,-0.5305376171847782,3,2,-0.8403099497288552,1,-1.0354345713610429,-0.7205631293233238,-0.2883489098618655,-1.0676713786600407,-0.6832864873900676,0.8857402750268095,0.9096245019155924,6918.0,22,58,0.027192982456140352,9158.49,28798.089999999997,4044.96,3492.81,5198400,8464,9.302499999999998,9.1809,81.0,3844,23040000,961,1369,4.532599493153256
155,0,toyota corolla 1600 (sw),1,0,0,4,0,0,-0.5088312814084451,-0.3533933102751733,-1.0784310054030717,2.2051285932940417,-0.5112849554292986,3,2,-0.8403099497288552,1,-1.0354345713610429,-0.7205631293233238,-0.2883489098618655,-1.0676713786600407,-0.6832864873900676,0.2728229539112114,0.18178288250616068,7898.0,22,54,0.027074235807860263,9158.49,28798.089999999997,4044.96,3492.81,5244100,8464,9.302499999999998,9.1809,81.0,3844,23040000,729,1024,4.532599493153256
156,0,toyota carina,1,0,0,4,0,0,-0.5088312814084451,-0.3533933102751733,-1.0784310054030717,2.2051285932940417,1.067433308520025,3,2,-0.8403099497288552,1,-1.0354345713610429,-0.7205631293233238,-0.2883489098618655,-1.0676713786600407,-0.6832864873900676,0.2728229539112114,0.18178288250616068,8778.0,22,36,0.019935691318327974,9158.49,28798.089999999997,4044.96,3492.81,9672100,8464,9.302499999999998,9.1809,81.0,3844,23040000,729,1024,4.532599493153256
157,0,toyota mark ii,1,0,0,3,1,0,-0.5088312814084451,-0.6296552408065731,-0.7045931595224864,-0.29737917139803544,-0.9136655861188213,3,2,-0.6958743379112906,1,-0.5172659192588284,-0.7205631293233238,-0.2883489098618655,-0.8648706998318653,-0.6832864873900676,0.73251094474791,0.9096245019155924,6938.0,22,93,0.03363767419509851,9158.49,27655.690000000002,4147.360000000001,2809.0,4330561,9604,10.1761,9.1809,81.0,4900,23040000,900,1369,4.59511985013459
158,0,toyota corolla 1200,1,0,0,2,1,0,-0.5088312814084451,-0.6296552408065731,-0.7045931595224864,-0.3794286063059735,-0.8597581332034786,3,2,-0.6958743379112906,1,-0.5172659192588284,-0.7205631293233238,-0.2883489098618655,-0.8648706998318653,-0.6832864873900676,0.73251094474791,0.9096245019155924,7198.0,22,53,0.03319108582266477,9158.49,27655.690000000002,4147.360000000001,2787.8399999999997,4447881,9604,10.1761,9.1809,81.0,4900,23040000,900,1369,4.59511985013459
159,0,toyota corona,0,0,0,3,1,0,-0.5088312814084451,-0.6296552408065731,-0.7045931595224864,-0.29737917139803544,-0.540163948062518,3,2,-0.40700311427616154,3,-0.22116954662899155,0.30235271754121157,3.1187282314698392,-1.2197718877811723,-1.3137758943591475,1.345428265863508,0.7640561780337061,7898.0,22,57,0.024615384615384615,9158.49,27655.690000000002,4147.360000000001,2809.0,5175625,12100,10.6929,11.2225,506.25,3136,20250000,1156,1296,4.709530201312334
160,0,toyota corolla,0,0,0,2,1,0,-0.5088312814084451,-0.6296552408065731,-0.7045931595224864,-0.3794286063059735,-0.540163948062518,3,2,-0.40700311427616154,3,-0.22116954662899155,0.30235271754121157,3.1187282314698392,-1.2197718877811723,-1.3137758943591475,1.958345586979106,2.365307740734456,7788.0,22,52,0.024615384615384615,9158.49,27655.690000000002,4147.360000000001,2787.8399999999997,5175625,12100,10.6929,11.2225,506.25,3136,20250000,1444,2209,4.709530201312334
161,0,toyota corona,1,0,0,3,1,0,-0.5088312814084451,-0.6296552408065731,-0.7045931595224864,-0.29737917139803544,-0.888637125836698,3,2,-0.6958743379112906,1,-0.5172659192588284,-0.7205631293233238,-0.2883489098618655,-0.8648706998318653,-0.6832864873900676,1.958345586979106,2.365307740734456,7738.0,22,57,0.033428844317096466,9158.49,27655.690000000002,4147.360000000001,2809.0,4384836,9604,10.1761,9.1809,81.0,4900,23040000,1444,2209,4.59511985013459
162,0,toyota corolla,1,0,0,2,1,0,-0.5088312814084451,-0.6296552408065731,-0.7045931595224864,-0.3794286063059735,-0.8347296729213551,3,2,-0.6958743379112906,1,-0.5172659192588284,-0.7205631293233238,-0.2883489098618655,-0.8648706998318653,-0.6832864873900676,0.42605228419011093,0.4729195302699334,8358.0,22,52,0.03298774740810556,9158.49,27655.690000000002,4147.360000000001,2787.8399999999997,4502884,9604,10.1761,9.1809,81.0,4900,23040000,784,1156,4.59511985013459
163,0,toyota mark ii,1,0,0,3,1,0,-0.5088312814084451,-0.6296552408065731,-0.7045931595224864,-0.3794286063059735,-0.800074881761492,3,2,-0.6958743379112906,1,-0.5172659192588284,-0.7205631293233238,-0.2883489098618655,-0.8648706998318653,-0.6832864873900676,0.42605228419011093,0.4729195302699334,9258.0,22,93,0.03271028037383177,9158.49,27655.690000000002,4147.360000000001,2787.8399999999997,4579600,9604,10.1761,9.1809,81.0,4900,23040000,784,1156,4.59511985013459
164,1,toyota corolla liftback,1,0,1,3,2,0,-0.7085958764076113,-0.4346468192549973,-0.8915120824627807,-0.46147804121390873,-0.7442421626706013,3,2,-0.6958743379112906,1,-0.5172659192588284,-0.7205631293233238,-0.2883489098618655,-0.8648706998318653,-0.6832864873900676,0.5792816144690105,0.4729195302699334,8058.0,22,55,0.03227293683725219,8930.25,28459.689999999995,4096.0,2766.76,4704561,9604,10.1761,9.1809,81.0,4900,23040000,841,1156,4.59511985013459
165,1,toyota corona,1,0,1,2,2,0,-0.7085958764076113,-0.4346468192549973,-0.8915120824627807,-0.46147804121390873,-0.6768578465264228,3,2,-0.6958743379112906,1,-0.5172659192588284,-0.7205631293233238,-0.2883489098618655,-0.8648706998318653,-0.6832864873900676,0.5792816144690105,0.4729195302699334,8238.0,22,57,0.03176043557168784,8930.25,28459.689999999995,4096.0,2766.76,4857616,9604,10.1761,9.1809,81.0,4900,23040000,841,1156,4.59511985013459
166,1,toyota celica gt liftback,1,0,1,3,2,0,-0.7085958764076113,-0.4346468192549973,-0.8915120824627807,-0.46147804121390873,-0.5594166098179976,0,2,-0.6958743379112906,5,-0.33220568636517955,-0.5607325282507394,-0.18739847604462975,0.19983286401605602,3.099649954424412,0.11959362363231192,-0.2549220891394984,9298.0,22,39,0.04944812362030905,8930.25,28459.689999999995,4096.0,2766.76,5130225,9604,10.497600000000002,9.4864,88.36000000000001,12544,43560000,676,841,4.59511985013459
167,1,toyota corolla tercel,1,0,1,2,2,0,-0.7085958764076113,-0.4346468192549973,-0.8915120824627807,-0.46147804121390873,-0.49203229367381907,0,2,-0.6958743379112906,5,-0.33220568636517955,-0.5607325282507394,-0.18739847604462975,0.19983286401605602,3.099649954424412,0.11959362363231192,-0.2549220891394984,9538.0,22,56,0.04869565217391304,8930.25,28459.689999999995,4096.0,2766.76,5290000,9604,10.497600000000002,9.4864,88.36000000000001,12544,43560000,676,841,4.59511985013459
168,2,toyota corona liftback,1,0,1,1,2,0,-0.05936094266032163,0.17475449809368274,-0.1438363907016167,-0.7076263459377201,-0.029968411542309767,3,2,0.4596105566292258,5,1.074252083626544,0.7818445207589618,-0.2126360844989386,0.30123320343014376,-0.6832864873900676,-0.18686503692548712,-0.10935376525761202,8449.0,22,59,0.04566929133858268,9682.560000000001,31046.439999999995,4303.36,2704.0,6451600,21316,13.1044,12.25,86.49000000000001,13456,23040000,576,900,4.990432586778736
169,2,toyota corolla,1,0,1,1,2,0,-0.05936094266032163,0.17475449809368274,-0.1438363907016167,-0.7076263459377201,-0.037669476244501586,3,2,0.4596105566292258,5,1.074252083626544,0.7818445207589618,-0.2126360844989386,0.30123320343014376,-0.6832864873900676,-0.18686503692548712,-0.10935376525761202,9639.0,22,52,0.04574132492113565,9682.560000000001,31046.439999999995,4303.36,2704.0,6431296,21316,13.1044,12.25,86.49000000000001,13456,23040000,576,900,4.990432586778736
170,2,toyota starlet,1,0,1,2,2,0,-0.05936094266032163,0.17475449809368274,-0.1438363907016167,-0.7076263459377201,-0.008790483611282257,3,2,0.4596105566292258,5,1.074252083626544,0.7818445207589618,-0.2126360844989386,0.30123320343014376,-0.6832864873900676,-0.18686503692548712,-0.10935376525761202,9989.0,22,122,0.04547236377891023,9682.560000000001,31046.439999999995,4303.36,2704.0,6507601,21316,13.1044,12.25,86.49000000000001,13456,23040000,576,900,4.990432586778736
171,2,toyota tercel,1,0,1,1,2,0,-0.05936094266032163,0.17475449809368274,-0.1438363907016167,-0.7076263459377201,0.23764358685885603,3,2,0.4596105566292258,5,1.074252083626544,0.7818445207589618,-0.2126360844989386,0.30123320343014376,-0.6832864873900676,-0.18686503692548712,-0.10935376525761202,11199.0,22,126,0.04329973870847331,9682.560000000001,31046.439999999995,4303.36,2704.0,7177041,21316,13.1044,12.25,86.49000000000001,13456,23040000,576,900,4.990432586778736
172,2,toyota corolla,1,0,1,2,2,0,-0.05936094266032163,0.17475449809368274,-0.1438363907016167,-0.7076263459377201,0.3050279030030345,3,2,0.4596105566292258,5,1.074252083626544,0.7818445207589618,-0.2126360844989386,0.30123320343014376,-0.6832864873900676,-0.18686503692548712,-0.10935376525761202,11549.0,22,52,0.04274134119380987,9682.560000000001,31046.439999999995,4303.36,2704.0,7365796,21316,13.1044,12.25,86.49000000000001,13456,23040000,576,900,4.990432586778736
173,2,toyota cressida,1,0,1,0,2,0,-0.05936094266032163,0.17475449809368274,-0.1438363907016167,-0.29737917139803544,0.8075223748210508,3,2,0.4596105566292258,5,1.074252083626544,0.7818445207589618,-0.2126360844989386,0.30123320343014376,-0.6832864873900676,-0.18686503692548712,-0.10935376525761202,17669.0,22,64,0.038991596638655465,9682.560000000001,31046.439999999995,4303.36,2809.0,8850625,21316,13.1044,12.25,86.49000000000001,13456,23040000,576,900,4.990432586778736
174,-1,toyota corolla,1,0,0,3,1,0,0.6065210406702309,0.12600239270578878,0.2767311859140422,0.4820904602273648,-0.44197537310957224,3,2,-0.11813189064103245,5,-0.07312136031407311,0.9097090016170287,-0.36406173522479246,-0.3071688330543827,-1.9442653013282274,0.5792816144690105,0.4729195302699334,8948.0,22,52,0.03955288048151333,10485.760000000002,30835.359999999997,4422.25,3014.0099999999998,5410276,14884,10.956100000000001,12.531600000000001,75.68999999999998,8464,17640000,841,1156,4.812184355372417
175,-1,toyota celica gt,0,1,0,3,1,0,0.6065210406702309,0.12600239270578878,0.2767311859140422,0.4820904602273648,-0.1454843820751871,3,2,-0.40700311427616154,3,-0.22116954662899155,0.30235271754121157,3.1187282314698392,-0.7888204452712995,-1.3137758943591475,0.73251094474791,0.32735120638804704,10698.0,22,38,0.02943548387096774,10485.760000000002,30835.359999999997,4422.25,3014.0099999999998,6150400,12100,10.6929,11.2225,506.25,5329,20250000,900,1089,4.709530201312334
176,-1,toyota corona,1,0,0,2,1,0,0.6065210406702309,0.12600239270578878,0.2767311859140422,0.07184328568768016,-0.27255194966135216,3,2,-0.11813189064103245,5,-0.07312136031407311,0.9097090016170287,-0.36406173522479246,-0.3071688330543827,-1.9442653013282274,0.2728229539112114,0.18178288250616068,9988.0,22,57,0.03811101905550953,10485.760000000002,30835.359999999997,4422.25,2905.21,5827396,14884,10.956100000000001,12.531600000000001,75.68999999999998,8464,17640000,729,1024,4.812184355372417
177,-1,toyota corolla,1,0,0,3,1,0,0.6065210406702309,0.12600239270578878,0.2767311859140422,0.4820904602273648,-0.27255194966135216,3,2,-0.11813189064103245,5,-0.07312136031407311,0.9097090016170287,-0.36406173522479246,-0.3071688330543827,-1.9442653013282274,0.2728229539112114,0.18178288250616068,10898.0,22,52,0.03811101905550953,10485.760000000002,30835.359999999997,4422.25,3014.0099999999998,5827396,14884,10.956100000000001,12.531600000000001,75.68999999999998,8464,17640000,729,1024,4.812184355372417
178,-1,toyota mark ii,1,0,0,2,1,0,0.6065210406702309,0.12600239270578878,0.2767311859140422,0.07184328568768016,-0.1878402379372421,3,2,-0.11813189064103245,5,-0.07312136031407311,0.9097090016170287,-0.36406173522479246,-0.3071688330543827,-1.9442653013282274,0.2728229539112114,0.18178288250616068,11248.0,22,93,0.03742880390561432,10485.760000000002,30835.359999999997,4422.25,2905.21,6041764,14884,10.956100000000001,12.531600000000001,75.68999999999998,8464,17640000,729,1024,4.812184355372417
179,3,toyota corolla liftback,1,0,1,2,2,0,0.68975628858655,0.7679051136463989,0.8374879547349185,-0.7076263459377201,0.8094476409965988,0,3,1.061425605869078,5,-0.22116954662899155,0.30235271754121157,-0.2126360844989386,1.4419870218386308,0.1573660552353722,-0.7997823580410852,-0.9827637085489301,16558.0,22,55,0.0540994623655914,10588.410000000002,33672.25,4583.29,2704.0,8856576,29241,10.6929,11.2225,86.49000000000001,25921,27040000,400,576,5.147494476813453
180,3,toyota corona,1,0,1,2,2,0,0.68975628858655,0.7679051136463989,0.8374879547349185,-0.7076263459377201,0.886458288018517,0,3,1.061425605869078,5,-0.22116954662899155,0.30235271754121157,-0.2126360844989386,1.4419870218386308,0.1573660552353722,-0.9530116883199847,-0.9827637085489301,15998.0,22,57,0.05338196286472149,10588.410000000002,33672.25,4583.29,2704.0,9096256,29241,10.6929,11.2225,86.49000000000001,25921,27040000,361,576,5.147494476813453
181,-1,toyota starlet,1,0,0,3,2,0,0.9561090819187701,1.117295202259643,0.2767311859140422,0.15389272059561823,1.1078638982065319,0,3,1.061425605869078,5,-0.22116954662899155,0.30235271754121157,-0.23787369295324787,1.3152365975710212,0.1573660552353722,-0.7997823580410852,-0.9827637085489301,15690.0,22,122,0.049824337272436924,10920.25,35268.840000000004,4422.25,2926.81,9803161,29241,10.6929,11.2225,84.63999999999999,24336,27040000,400,576,5.147494476813453
182,-1,toyouta tercel,1,0,0,4,2,0,0.9561090819187701,1.117295202259643,0.2767311859140422,0.15389272059561823,1.146369221717491,0,3,0.8206995861731371,5,-0.22116954662899155,0.30235271754121157,-0.23787369295324787,1.3152365975710212,0.1573660552353722,-0.9530116883199847,-0.9827637085489301,15750.0,23,126,0.04950809266899397,10920.25,35268.840000000004,4422.25,2926.81,9928801,25921,10.6929,11.2225,84.63999999999999,24336,27040000,361,576,5.087596335232384
183,2,vokswagen rabbit,0,0,1,3,1,0,-0.24247848807622502,-0.19088629231552529,-0.19056612143668694,0.8102881998591143,-0.5671176745201894,3,2,-0.7199469398808848,3,-1.1834827576759614,0.4621833186137945,3.2449162737413837,-1.32117222719526,-0.6832864873900676,1.8051162567002066,2.2197394168525695,7775.0,24,110,0.022998673153471916,9467.289999999999,29480.889999999996,4290.25,3102.4900000000002,5112121,9409,9.060099999999998,11.559999999999999,529.0,2704,23040000,1369,2116,4.584967478670572
184,2,volkswagen 1131 deluxe sedan,1,0,1,3,1,0,-0.24247848807622502,-0.19088629231552529,-0.19056612143668694,0.8102881998591143,-0.667231515648683,3,2,-0.43107571624575564,5,-0.5172659192588284,0.4621833186137945,-0.2883489098618655,-0.4846194270290362,0.2624476230635522,0.2728229539112114,0.4729195302699334,7975.0,25,3,0.03847894975101856,9467.289999999999,29480.889999999996,4290.25,3102.4900000000002,4879681,11881,10.1761,11.559999999999999,81.0,7225,27562500,729,1156,4.700480365792417
185,2,volkswagen model 111,0,0,0,3,1,0,-0.24247848807622502,-0.19088629231552529,-0.19056612143668694,0.8102881998591143,-0.5613418759935455,3,2,-0.7199469398808848,3,-1.1834827576759614,0.4621833186137945,3.2449162737413837,-1.32117222719526,-0.6832864873900676,1.8051162567002066,2.2197394168525695,7995.0,25,96,0.022968197879858657,9467.289999999999,29480.889999999996,4290.25,3102.4900000000002,5125696,9409,9.060099999999998,11.559999999999999,529.0,2704,23040000,1369,2116,4.584967478670572
186,2,volkswagen type 3,1,0,0,3,1,0,-0.24247848807622502,-0.19088629231552529,-0.19056612143668694,0.8102881998591143,-0.6614557171220392,3,2,-0.43107571624575564,5,-0.5172659192588284,0.4621833186137945,-0.2883489098618655,-0.4846194270290362,0.2624476230635522,0.2728229539112114,0.4729195302699334,8195.0,25,130,0.03842676311030741,9467.289999999999,29480.889999999996,4290.25,3102.4900000000002,4892944,11881,10.1761,11.559999999999999,81.0,7225,27562500,729,1156,4.700480365792417
187,2,volkswagen 411 (sw),1,0,0,3,1,0,-0.24247848807622502,-0.19088629231552529,-0.19056612143668694,0.8102881998591143,-0.540163948062518,3,2,-0.43107571624575564,5,-0.5172659192588284,0.4621833186137945,-0.2883489098618655,-0.4846194270290362,0.2624476230635522,0.2728229539112114,0.4729195302699334,8495.0,25,14,0.03736263736263736,9467.289999999999,29480.889999999996,4290.25,3102.4900000000002,5175625,11881,10.1761,11.559999999999999,81.0,7225,27562500,729,1156,4.700480365792417
188,2,volkswagen super beetle,0,1,0,3,1,0,-0.24247848807622502,-0.19088629231552529,-0.19056612143668694,0.8102881998591143,-0.4554522363384079,3,2,-0.7199469398808848,3,-1.1834827576759614,0.4621833186137945,3.2449162737413837,-0.9155708695389091,-1.3137758943591475,1.8051162567002066,1.6374661213250241,9495.0,25,124,0.029322984044846918,9467.289999999999,29480.889999999996,4290.25,3102.4900000000002,5377761,9409,9.060099999999998,11.559999999999999,529.0,4624,20250000,1369,1764,4.584967478670572
189,2,volkswagen dasher,1,0,0,3,1,0,-0.24247848807622502,-0.19088629231552529,-0.19056612143668694,0.8102881998591143,-0.49203229367381907,3,2,-0.43107571624575564,5,-0.5172659192588284,0.4621833186137945,-0.035972825318776304,-0.1043681542262072,0.7878554622044521,0.11959362363231192,0.18178288250616068,9995.0,25,68,0.043478260869565216,9467.289999999999,29480.889999999996,4290.25,3102.4900000000002,5290000,11881,10.1761,11.559999999999999,100.0,10000,30250000,676,1024,4.700480365792417
190,3,vw dasher,1,0,1,0,1,0,-0.7085958764076113,-1.1984298036653411,-0.7980526209926335,0.7692634824051452,-0.580594537749025,3,2,-0.43107571624575564,5,-0.5172659192588284,0.4621833186137945,-0.41453695213341013,-0.3578690027614265,0.7878554622044521,-0.18686503692548712,-0.2549220891394984,11595.0,27,68,0.03992901508429459,8930.25,25376.490000000005,4121.64,3091.36,5080516,11881,10.1761,11.559999999999999,72.25,8100,30250000,576,841,4.700480365792417
191,3,vw rabbit,1,0,1,2,1,0,-0.7085958764076113,-0.6784073461944693,-0.8915120824627807,-0.9537746506615314,-0.6441283215421075,3,2,-0.43107571624575564,5,-0.5172659192588284,0.4621833186137945,-0.41453695213341013,-0.3578690027614265,0.7878554622044521,-0.18686503692548712,-0.2549220891394984,9980.0,27,110,0.040522287257991896,8930.25,27456.489999999998,4096.0,2641.96,4932841,11881,10.1761,11.559999999999999,72.25,8100,30250000,576,841,4.700480365792417
192,0,volkswagen rabbit,1,0,0,3,1,0,0.27358004900495464,0.49976853401297877,0.46365010885433655,0.5641398951353029,0.20298879569899284,3,1,0.21888453693328483,5,-0.5172659192588284,0.4621833186137945,-0.41453695213341013,0.14913269430901213,0.7878554622044521,-0.9530116883199847,-0.9827637085489301,13295.0,25,110,0.04133784291619692,10080.160000000002,32472.039999999997,4475.610000000001,3036.01,7080921,18496,10.1761,11.559999999999999,72.25,12100,30250000,361,576,4.919980925828125
193,0,volkswagen rabbit custom,0,1,0,3,1,0,0.27358004900495464,0.49976853401297877,0.46365010885433655,0.5641398951353029,0.0451169693040605,3,2,-0.7199469398808848,3,-1.1834827576759614,0.4621833186137945,3.2449162737413837,-0.9155708695389091,-1.3137758943591475,1.1921989355846085,1.0551928257974788,13845.0,25,111,0.026366808840635907,10080.160000000002,32472.039999999997,4475.610000000001,3036.01,6651241,9409,9.060099999999998,11.559999999999999,529.0,4624,20250000,1089,1444,4.584967478670572
194,0,volkswagen dasher,1,0,0,4,1,0,0.27358004900495464,0.7354037100544688,0.46365010885433655,0.5641398951353029,0.014312710495293209,3,2,-0.43107571624575564,5,-0.5172659192588284,0.4621833186137945,-0.2883489098618655,-0.4085691724684704,0.7878554622044521,-0.03363570664658759,0.03621455862427433,12290.0,25,68,0.034334763948497854,10080.160000000002,33525.61,4475.610000000001,3036.01,6568969,11881,10.1761,11.559999999999999,81.0,7744,30250000,625,961,4.700480365792417
195,-2,volvo 145e (sw),1,0,0,3,2,0,0.9228149827522419,1.198548711239467,0.603839301059554,1.0154117871289565,0.6862306057615297,3,2,0.3392475467812553,5,1.6664448288862161,-0.336969686749123,-0.16216086759032092,0.2505330337230999,0.5776923265480921,-0.3400943672043866,-0.4004904130213847,12940.0,26,6,0.03914835164835165,10878.49,35645.44,4515.84,3158.4400000000005,8479744,19881,14.2884,9.9225,90.25,12996,29160000,529,784,4.955827057601261
196,-1,volvo 144ea,1,0,0,4,2,0,0.9228149827522419,1.198548711239467,0.603839301059554,1.5487331140305454,0.9211130791783803,3,2,0.3392475467812553,5,1.6664448288862161,-0.336969686749123,-0.16216086759032092,0.2505330337230999,0.5776923265480921,-0.3400943672043866,-0.4004904130213847,13415.0,26,5,0.037574159525379035,10878.49,35645.44,4515.84,3306.25,9205156,19881,14.2884,9.9225,90.25,12996,29160000,529,784,4.955827057601261
197,-2,volvo 244dl,1,0,0,3,2,0,0.9228149827522419,1.198548711239467,0.603839301059554,1.0154117871289565,0.7305117277991326,3,2,0.3392475467812553,5,1.6664448288862161,-0.336969686749123,-0.16216086759032092,0.2505330337230999,0.5776923265480921,-0.18686503692548712,-0.4004904130213847,15985.0,26,7,0.03884156729131175,10878.49,35645.44,4515.84,3158.4400000000005,8614225,19881,14.2884,9.9225,90.25,12996,29160000,576,784,4.955827057601261
198,-1,volvo 245,1,0,0,4,2,0,0.9228149827522419,1.198548711239467,0.603839301059554,1.5487331140305454,0.9365152085827639,3,2,0.3392475467812553,5,1.6664448288862161,-0.336969686749123,-0.16216086759032092,0.2505330337230999,0.5776923265480921,-0.18686503692548712,-0.4004904130213847,16515.0,26,8,0.03747534516765286,10878.49,35645.44,4515.84,3306.25,9253764,19881,14.2884,9.9225,90.25,12996,29160000,576,784,4.955827057601261
199,-2,volvo 264gl,1,1,0,3,2,0,0.9228149827522419,1.198548711239467,0.603839301059554,1.0154117871289565,0.9422910071094077,3,2,0.0744489251157203,5,1.074252083626544,-0.336969686749123,-0.6669130366764994,1.4673371066921528,-0.052797080420987755,-1.2594703488777836,-1.273900356312703,18420.0,26,10,0.053201970443349754,10878.49,35645.44,4515.84,3158.4400000000005,9272025,16900,13.1044,9.9225,56.25,26244,26010000,289,484,4.875197323201151
200,-1,volvo diesel,1,1,0,4,2,0,0.9228149827522419,1.198548711239467,0.603839301059554,1.5487331140305454,1.1579208187707788,3,2,0.0744489251157203,5,1.074252083626544,-0.336969686749123,-0.6669130366764994,1.4673371066921528,-0.052797080420987755,-1.2594703488777836,-1.273900356312703,18950.0,26,70,0.05131453911941717,10878.49,35645.44,4515.84,3306.25,9966649,16900,13.1044,9.9225,56.25,26244,26010000,289,484,4.875197323201151
201,-1,volvo 145e (sw),1,0,0,3,2,0,1.7218733627489047,1.198548711239467,1.3982447235557949,0.7282387649511761,0.7632412527834479,3,2,0.3392475467812553,5,1.6664448288862161,-0.336969686749123,-0.16216086759032092,0.2505330337230999,0.5776923265480921,-0.3400943672043866,-0.4004904130213847,16845.0,26,6,0.03861788617886179,11902.81,35645.44,4747.210000000001,3080.25,8714304,19881,14.2884,9.9225,90.25,12996,29160000,529,784,4.955827057601261
202,-1,volvo 144ea,1,1,0,3,2,0,1.7218733627489047,1.198548711239467,1.351514992820718,0.7282387649511761,0.9499920718115996,3,2,0.3392475467812553,5,1.6664448288862161,-0.336969686749123,-0.36406173522479246,1.4166369369851088,0.36752919089173214,-0.9530116883199847,-0.8371953846670438,19045.0,26,5,0.05247622171203673,11902.81,35645.44,4733.44,3080.25,9296401,19881,14.2884,9.9225,75.68999999999998,25600,28090000,361,625,4.955827057601261
203,-1,volvo 244dl,1,0,0,3,2,0,1.7218733627489047,1.198548711239467,1.3982447235557949,0.7282387649511761,0.8787572233163252,5,3,1.1095708098082662,5,0.9262038973116256,-1.23202105275559,-0.3388241267704832,0.7575347307935386,0.7878554622044521,-1.1062410185988842,-1.1283320324308166,21485.0,26,7,0.04448871181938911,11902.81,35645.44,4747.210000000001,3080.25,9072144,29929,12.8164,8.2369,77.44000000000001,17956,30250000,324,529,5.159055299214529
204,-1,volvo 246,0,1,0,3,2,0,1.7218733627489047,1.198548711239467,1.3982447235557949,0.7282387649511761,1.273436789303656,3,3,0.4355379546596317,3,-1.1834827576759614,0.4621833186137945,3.2449162737413837,0.0477323548949244,-0.6832864873900676,0.11959362363231192,-0.5460587369032711,22470.0,26,9,0.032949953372707494,11902.81,35645.44,4747.210000000001,3080.25,10349089,21025,9.060099999999998,11.559999999999999,529.0,11236,23040000,676,729,4.983606621708336
205,-1,volvo 264gl,1,1,0,3,2,0,1.7218733627489047,1.198548711239467,1.3982447235557949,0.7282387649511761,0.975020532093723,3,2,0.3392475467812553,5,1.6664448288862161,-0.336969686749123,-0.16216086759032092,0.2505330337230999,0.5776923265480921,-0.9530116883199847,-0.8371953846670438,22625.0,26,10,0.037230568256041804,11902.81,35645.44,4747.210000000001,3080.25,9375844,19881,14.2884,9.9225,90.25,12996,29160000,361,625,4.955827057601261
